time,open,high,low,close,volume,SMA_20,SMA_100
2020-03-30,6.72,6.72,6.48,6.72,32330,,
2020-03-31,6.72,6.81,6.4,6.4,52000,,
2020-04-01,6.64,6.72,6.32,6.56,67900,,
2020-04-03,6.72,6.97,6.56,6.97,70600,,
2020-04-06,6.97,7.29,6.97,7.29,40949,,
2020-04-07,7.13,7.37,6.97,7.21,74700,,
2020-04-08,7.05,7.21,6.89,7.13,67910,,
2020-04-09,7.13,7.21,7.05,7.21,169400,,
2020-04-10,7.21,7.21,7.05,7.21,68400,,
2020-04-13,7.13,7.37,7.05,7.29,94830,,
2020-04-14,7.13,7.29,6.97,7.21,64160,,
2020-04-15,7.21,7.37,7.21,7.29,65910,,
2020-04-16,7.21,7.29,7.05,7.29,124610,,
2020-04-17,7.21,7.29,7.05,7.21,229560,,
2020-04-20,7.21,7.29,7.05,7.21,208060,,
2020-04-21,7.21,7.21,6.89,7.13,170600,,
2020-04-22,6.97,7.13,6.89,7.13,85899,,
2020-04-23,6.97,7.21,6.97,7.21,229290,,
2020-04-24,7.05,7.21,7.05,7.21,171009,,
2020-04-27,7.05,7.21,7.05,7.05,149530,7.096500000000001,
2020-04-28,6.97,7.13,6.97,7.05,102815,7.113000000000001,
2020-04-29,7.05,7.05,6.89,7.05,155500,7.145500000000001,
2020-05-04,6.97,7.05,6.97,7.05,83310,7.170000000000002,
2020-05-05,6.97,7.13,6.89,6.97,100585,7.170000000000002,
2020-05-06,6.97,7.05,6.89,7.05,96800,7.158000000000003,
2020-05-07,6.97,7.05,6.89,6.97,163987,7.146000000000003,
2020-05-08,6.97,7.05,6.89,7.05,172830,7.142000000000003,
2020-05-11,7.05,7.29,6.89,7.29,296525,7.146000000000003,
2020-05-12,7.29,7.29,7.13,7.29,197120,7.150000000000001,
2020-05-13,7.21,7.29,7.13,7.21,177350,7.146000000000003,
2020-05-14,7.21,7.21,7.05,7.21,152230,7.146000000000003,
2020-05-15,7.13,7.21,7.05,7.13,180620,7.138000000000003,
2020-05-18,7.13,7.21,6.97,7.13,188000,7.130000000000003,
2020-05-19,7.13,7.37,7.13,7.29,205600,7.134000000000002,
2020-05-20,7.29,7.29,7.21,7.29,82100,7.138000000000001,
2020-05-21,7.29,7.29,7.13,7.21,168043,7.142000000000001,
2020-05-22,7.21,7.21,7.05,7.21,163220,7.146000000000003,
2020-05-25,7.21,7.21,7.13,7.21,87800,7.146000000000003,
2020-05-26,7.13,7.53,7.13,7.37,208573,7.154000000000002,
2020-05-27,7.37,7.62,7.37,7.62,147527,7.182500000000002,
2020-05-28,7.53,7.62,7.45,7.62,60700,7.211000000000001,
2020-05-29,7.53,7.62,7.37,7.62,81910,7.239500000000001,
2020-06-01,7.53,7.7,7.45,7.7,235512,7.272,
2020-06-02,7.7,7.78,7.62,7.7,148400,7.3084999999999996,
2020-06-03,7.62,7.7,7.53,7.7,54910,7.340999999999998,
2020-06-04,7.7,8.43,7.7,8.43,604917,7.413999999999999,
2020-06-05,8.43,8.91,8.26,8.91,167844,7.506999999999998,
2020-06-08,8.91,9.24,8.91,9.07,167680,7.595999999999998,
2020-06-09,9.15,9.15,8.75,8.91,206837,7.676999999999998,
2020-06-10,9.07,9.07,8.59,8.91,184600,7.761999999999998,
2020-06-11,8.91,8.91,8.1,8.1,314750,7.806499999999997,
2020-06-12,8.26,8.26,7.86,8.18,194050,7.858999999999997,
2020-06-15,8.26,8.26,7.62,7.7,151750,7.8874999999999975,
2020-06-16,7.7,8.26,7.7,7.94,157100,7.919999999999997,
2020-06-17,8.02,8.02,7.7,7.94,54535,7.952499999999998,
2020-06-18,7.94,7.94,7.78,7.94,63515,7.988999999999997,
2020-06-19,7.78,8.1,7.78,8.1,19430,8.033499999999997,
2020-06-22,8.02,8.18,7.94,8.18,107173,8.081999999999997,
2020-06-23,8.18,8.59,8.18,8.43,241230,8.134999999999996,
2020-06-24,8.43,8.51,8.1,8.18,59900,8.162999999999997,
2020-06-25,8.1,8.26,8.02,8.26,73200,8.194999999999997,
2020-06-26,8.26,8.34,8.02,8.18,48145,8.222999999999995,
2020-06-29,8.02,8.1,7.7,8.02,92400,8.238999999999997,
2020-06-30,8.02,8.02,7.53,7.86,154470,8.246999999999998,
2020-07-01,7.78,8.02,7.7,7.7,59200,8.246999999999998,
2020-07-02,7.7,7.86,7.7,7.78,67470,8.214499999999997,
2020-07-03,7.78,7.86,7.62,7.86,59510,8.161999999999999,
2020-07-06,7.78,7.86,7.7,7.86,205400,8.1015,
2020-07-07,7.86,7.86,7.7,7.86,148920,8.049000000000001,
2020-07-08,7.78,7.86,7.7,7.86,118510,7.996500000000002,
2020-07-09,7.86,8.02,7.78,8.02,97518,7.992500000000002,
2020-07-10,8.02,8.02,7.78,7.94,89970,7.980500000000002,
2020-07-13,7.94,8.02,7.86,8.02,106720,7.996500000000003,
2020-07-14,7.94,8.18,7.94,8.18,437010,8.008500000000003,
2020-07-15,8.26,8.43,8.1,8.18,195574,8.020500000000004,
2020-07-16,8.18,8.18,8.02,8.1,185360,8.028500000000005,
2020-07-17,8.1,8.26,8.1,8.26,199550,8.036500000000004,
2020-07-20,8.34,8.34,8.02,8.34,127320,8.044500000000003,
2020-07-21,8.51,8.51,8.02,8.18,153030,8.032000000000004,
2020-07-22,8.1,8.1,7.94,8.1,73035,8.028000000000002,
2020-07-23,8.1,8.1,7.94,8.1,44610,8.020000000000003,
2020-07-24,8.1,8.1,7.37,7.7,152660,7.996000000000002,
2020-07-27,7.53,7.53,6.97,7.29,315725,7.959500000000001,
2020-07-28,7.05,7.62,6.81,7.62,61400,7.947500000000001,
2020-07-29,7.37,7.45,7.13,7.45,172200,7.9350000000000005,
2020-07-30,7.45,7.45,7.37,7.37,78100,7.914500000000001,
2020-07-31,7.13,7.37,7.13,7.29,55400,7.886,
2020-08-03,7.29,7.37,7.29,7.37,66900,7.8614999999999995,
2020-08-04,7.37,7.7,7.37,7.7,318845,7.853499999999999,
2020-08-05,7.7,7.7,7.53,7.62,155000,7.841499999999998,
2020-08-06,7.62,7.62,7.53,7.62,94300,7.821499999999998,
2020-08-07,7.53,7.62,7.45,7.62,120450,7.805499999999998,
2020-08-10,7.62,7.7,7.53,7.62,313630,7.785499999999997,
2020-08-11,7.62,7.78,7.62,7.78,69600,7.765499999999998,
2020-08-12,7.78,7.94,7.78,7.94,286040,7.753499999999997,
2020-08-13,7.86,8.02,7.86,7.94,93400,7.745499999999997,
2020-08-14,7.94,8.02,7.78,7.94,157550,7.729499999999997,
2020-08-17,7.78,7.94,7.7,7.94,93700,7.709499999999997,
2020-08-18,7.94,7.94,7.86,7.94,119810,7.697499999999996,
2020-08-19,7.86,8.02,7.86,8.02,200300,7.693499999999998,7.632700000000003
2020-08-20,8.02,8.02,7.94,8.02,120200,7.689499999999998,7.645700000000002
2020-08-21,8.02,8.02,7.94,8.02,304740,7.705499999999999,7.661900000000003
2020-08-24,8.02,8.26,8.02,8.18,125900,7.75,7.678100000000003
2020-08-25,8.1,8.26,8.02,8.18,106832,7.7780000000000005,7.690200000000002
2020-08-26,8.1,8.34,8.1,8.34,125600,7.822500000000001,7.700700000000003
2020-08-27,8.43,8.59,8.34,8.51,277360,7.8795,7.713700000000002
2020-08-28,8.59,8.91,8.51,8.75,230550,7.952500000000001,7.729900000000002
2020-08-31,8.75,8.99,8.67,8.83,279099,8.025500000000001,7.746100000000002
2020-09-01,8.67,8.99,8.51,8.75,485874,8.078000000000001,7.761500000000002
2020-09-03,8.75,8.91,8.67,8.83,170215,8.138500000000002,7.776900000000003
2020-09-04,8.75,8.91,8.59,8.83,656250,8.199000000000002,7.793100000000003
2020-09-07,8.83,8.83,8.67,8.75,148190,8.255500000000001,7.807700000000003
2020-09-08,8.67,8.75,8.59,8.67,228601,8.308000000000002,7.821500000000003
2020-09-09,8.59,8.67,8.34,8.67,132600,8.352500000000001,7.836100000000003
2020-09-10,8.67,8.83,8.67,8.75,124452,8.393,7.851500000000002
2020-09-11,8.75,8.83,8.59,8.59,91000,8.425500000000001,7.866100000000002
2020-09-14,8.59,8.75,8.59,8.67,45520,8.462,7.881500000000002
2020-09-15,8.67,8.75,8.51,8.75,188383,8.502500000000001,7.896900000000001
2020-09-16,8.67,9.15,8.67,8.99,222760,8.555000000000001,7.914700000000002
2020-09-17,8.99,9.07,8.83,8.99,166427,8.6035,7.934100000000002
2020-09-18,9.07,9.07,8.83,8.99,115139,8.652000000000001,7.953500000000003
2020-09-21,8.99,9.24,8.99,9.24,268542,8.713000000000001,7.975400000000003
2020-09-22,9.07,9.15,9.07,9.15,103610,8.761500000000002,7.996400000000003
2020-09-23,9.24,9.24,9.07,9.24,159230,8.8145,8.019100000000003
2020-09-24,9.24,9.24,9.15,9.15,196706,8.855,8.040100000000002
2020-09-25,9.15,9.24,9.07,9.24,105952,8.891500000000002,8.062800000000003
2020-09-28,9.15,9.48,9.15,9.48,252828,8.928,8.087100000000003
2020-09-29,9.48,10.05,9.48,9.8,402010,8.976500000000001,8.112200000000003
2020-09-30,10.05,10.13,9.8,9.88,292760,9.033000000000001,8.138100000000003
2020-10-01,9.96,10.45,9.56,10.13,326084,9.098,8.167300000000004
2020-10-02,10.13,10.29,9.8,10.05,356760,9.159,8.195700000000002
2020-10-05,10.05,10.13,9.48,10.13,476500,9.228,8.225700000000003
2020-10-06,10.13,10.29,10.13,10.29,558000,9.309000000000001,8.257300000000003
2020-10-07,10.29,10.45,10.13,10.29,312900,9.39,8.287300000000002
2020-10-08,10.37,10.37,10.13,10.29,168400,9.467,8.317300000000003
2020-10-09,10.29,10.37,10.21,10.21,144400,9.548,8.347300000000002
2020-10-12,10.29,10.45,10.13,10.29,327100,9.629000000000001,8.378100000000002
2020-10-13,10.37,10.37,10.13,10.21,164300,9.702000000000002,8.408100000000001
2020-10-14,10.47,10.47,9.77,10.12,252700,9.758500000000002,8.4356
2020-10-15,10.12,10.12,9.86,10.03,465300,9.810500000000001,8.459700000000002
2020-10-16,9.77,10.03,9.68,9.94,148800,9.858,8.482900000000003
2020-10-19,9.94,9.94,9.77,9.86,242800,9.889,8.505300000000002
2020-10-20,9.77,9.94,9.68,9.77,408300,9.919999999999998,8.526000000000002
2020-10-21,9.77,9.86,9.5,9.59,182600,9.937499999999998,8.544900000000002
2020-10-22,9.42,9.5,9.06,9.33,372800,9.946499999999999,8.561200000000001
2020-10-23,9.42,9.5,9.33,9.5,61400,9.959499999999998,8.571900000000001
2020-10-26,9.59,9.68,9.33,9.33,399700,9.952,8.576100000000002
2020-10-27,9.24,9.24,9.15,9.15,140300,9.9195,8.576900000000002
2020-10-28,9.06,9.06,8.98,9.06,157600,9.878499999999999,8.578400000000002
2020-10-29,8.89,8.98,8.71,8.89,340600,9.8165,8.578200000000002
2020-10-30,8.89,8.89,8.71,8.8,253400,9.754,8.5852
2020-11-02,8.89,9.5,8.89,9.24,121000,9.7095,8.595800000000002
2020-11-03,9.24,9.42,9.06,9.24,71100,9.657,8.611200000000002
2020-11-04,9.06,9.24,9.06,9.24,41200,9.604500000000002,8.6242
2020-11-05,9.15,9.24,9.06,9.24,61000,9.552000000000003,8.6372
2020-11-06,9.06,9.24,8.98,9.24,51200,9.503500000000003,8.6502
2020-11-09,9.15,9.33,9.15,9.33,128300,9.455500000000004,8.6625
2020-11-10,9.33,9.68,9.24,9.5,259800,9.420000000000003,8.6757
2020-11-11,9.5,9.59,9.42,9.59,54900,9.393500000000003,8.6873
2020-11-12,9.59,9.59,9.5,9.59,25300,9.371500000000003,8.701400000000001
2020-11-13,9.5,9.59,9.33,9.5,72400,9.349500000000003,8.713800000000003
2020-11-16,9.5,9.68,9.42,9.5,170800,9.331500000000002,8.727000000000002
2020-11-17,9.59,9.68,9.42,9.59,196800,9.322500000000002,8.742700000000003
2020-11-18,9.59,9.94,9.59,9.86,391900,9.336000000000002,8.762700000000002
2020-11-19,9.94,9.94,9.77,9.86,156200,9.3625,8.784300000000004
2020-11-20,9.86,9.86,9.68,9.86,118500,9.380500000000001,8.805100000000003
2020-11-23,9.86,9.86,9.68,9.77,219100,9.4025,8.824200000000003
2020-11-24,9.86,9.94,9.68,9.77,163900,9.4335,8.843300000000003
2020-11-25,9.77,9.86,9.33,9.77,199300,9.469000000000001,8.862400000000003
2020-11-26,9.59,9.77,9.59,9.77,143300,9.513000000000002,8.881500000000003
2020-11-27,9.77,9.86,9.59,9.77,118100,9.5615,8.899000000000003
2020-11-30,9.68,9.77,9.5,9.68,374900,9.5835,8.916400000000001
2020-12-01,9.5,9.59,9.42,9.59,242300,9.601,8.932100000000002
2020-12-02,9.59,10.21,9.59,10.03,1059500,9.6405,8.950600000000001
2020-12-03,10.12,10.21,9.24,10.03,475500,9.68,8.969100000000003
2020-12-04,10.03,10.03,9.86,9.94,243600,9.715,8.987500000000002
2020-12-07,9.94,10.65,9.86,10.56,943800,9.776499999999999,9.010500000000002
2020-12-08,10.56,11.26,10.47,11.26,1245200,9.864499999999998,9.039700000000002
2020-12-09,11.35,11.88,11.26,11.62,1140100,9.965999999999998,9.074100000000001
2020-12-10,11.62,11.62,11.09,11.26,958500,10.049499999999998,9.105700000000002
2020-12-11,11.26,11.79,11.18,11.79,864090,10.163999999999998,9.142600000000002
2020-12-14,11.79,12.58,11.79,12.41,1292405,10.309499999999996,9.1897
2020-12-15,12.41,12.5,12.06,12.32,972796,10.445999999999996,9.240000000000002
2020-12-16,12.32,12.5,12.06,12.14,633233,10.559999999999997,9.285200000000001
2020-12-17,12.14,12.14,11.7,11.79,1245012,10.656499999999996,9.3286
2020-12-18,11.88,12.67,11.7,12.5,765900,10.788499999999996,9.3799
2020-12-21,12.67,13.46,12.5,13.02,1146822,10.950999999999997,9.4372
2020-12-22,13.02,13.46,12.85,13.38,959781,11.131499999999996,9.497300000000001
2020-12-23,13.38,13.73,12.76,12.85,867053,11.285499999999995,9.5488
2020-12-24,12.85,13.02,11.7,12.76,861446,11.434999999999993,9.6002
2020-12-25,12.85,13.64,12.58,13.2,1219719,11.606499999999993,9.656
2020-12-28,13.46,14.08,13.29,13.55,2203473,11.799999999999994,9.7153
2020-12-29,13.46,14.17,13.38,14.08,1289853,12.024499999999993,9.7799
2020-12-30,14.26,14.87,14.17,14.7,1248075,12.257999999999992,9.8491
2020-12-31,14.78,16.1,14.78,16.1,1567842,12.561499999999992,9.9307
2021-01-04,17.69,17.69,16.63,17.69,565862,12.948999999999993,10.0282
2021-01-05,19.36,19.45,18.57,19.45,2328584,13.393499999999992,10.1433
2021-01-06,19.54,21.38,19.27,20.94,2240518,13.877499999999992,10.273299999999999
2021-01-07,20.68,21.82,20.24,21.47,1244137,14.369999999999994,10.4086
2021-01-08,21.47,21.91,20.5,20.86,1665713,14.849999999999994,10.536999999999999
2021-01-11,20.86,22.0,20.68,20.77,1548872,15.298999999999992,10.664499999999999
2021-01-12,20.77,21.12,19.8,20.59,1473968,15.70799999999999,10.790199999999997
2021-01-13,20.77,20.94,19.8,20.06,1188839,16.09499999999999,10.908999999999997
2021-01-14,20.06,21.82,19.71,21.74,2003220,16.574999999999992,11.044599999999996
2021-01-15,21.74,22.7,21.74,22.09,1103809,17.08999999999999,11.182099999999997
2021-01-18,21.91,22.35,21.47,21.56,959259,17.54299999999999,11.312599999999996
2021-01-19,21.47,21.47,19.45,19.45,2111359,17.86449999999999,11.419599999999996
2021-01-20,18.13,20.94,17.69,20.86,1453111,18.23849999999999,11.539899999999996
2021-01-21,20.86,21.21,20.15,20.59,709000,18.625499999999988,11.658299999999995
2021-01-22,20.59,20.59,19.1,19.62,1299977,18.968499999999988,11.766199999999994
2021-01-25,19.62,19.62,18.22,19.01,1057484,19.25899999999999,11.867999999999995
2021-01-26,19.01,19.1,17.16,17.16,1237255,19.43949999999999,11.952099999999996
2021-01-27,16.72,17.07,15.49,15.49,996279,19.50999999999999,12.020299999999995
2021-01-28,14.61,14.61,13.99,13.99,901920,19.474499999999992,12.073499999999994
2021-01-29,12.67,15.14,12.67,14.43,1437802,19.39099999999999,12.130299999999995
2021-02-01,14.43,14.78,13.02,13.02,804400,19.15749999999999,12.174599999999996
2021-02-02,13.02,13.64,12.32,13.46,747520,18.85799999999999,12.222499999999995
2021-02-03,13.55,14.78,13.55,14.78,843037,18.54999999999999,12.282799999999995
2021-02-04,15.14,16.19,14.87,16.19,2349753,18.285999999999987,12.354799999999996
2021-02-05,16.28,17.78,16.19,17.78,1390307,18.131999999999987,12.442699999999995
2021-02-08,18.04,18.92,16.37,17.25,1367538,17.95599999999999,12.525299999999994
2021-02-09,16.9,18.04,16.37,17.6,1213789,17.806499999999993,12.608899999999995
2021-02-17,17.6,18.74,17.6,18.57,854251,17.731999999999992,12.703099999999992
2021-02-18,18.66,18.74,17.95,18.04,1246600,17.54699999999999,12.791099999999993
2021-02-19,17.95,18.3,17.42,17.78,890749,17.331499999999995,12.87739999999999
2021-02-22,17.78,18.3,17.69,17.95,800421,17.150999999999993,12.964499999999992
2021-02-23,17.95,18.83,17.6,18.48,909211,17.102499999999996,13.054499999999992
2021-02-24,18.48,19.27,17.78,18.74,1432202,16.996499999999994,13.143899999999991
2021-02-25,18.74,19.54,18.48,19.18,823585,16.925999999999995,13.236899999999991
2021-02-26,19.36,19.36,18.3,18.92,931546,16.891,13.32479999999999
2021-03-01,18.92,19.62,18.74,19.54,1236649,16.917499999999997,13.419699999999992
2021-03-02,19.54,19.89,19.01,19.27,939474,17.022999999999996,13.51109999999999
2021-03-03,19.27,19.36,19.01,19.1,813643,17.2035,13.599199999999989
2021-03-04,19.18,19.45,17.95,18.74,1174171,17.440999999999995,13.68369999999999
2021-03-05,18.74,20.06,17.86,19.98,1761739,17.7185,13.78059999999999
2021-03-08,20.24,21.47,20.06,21.03,2025065,18.119,13.88879999999999
2021-03-09,21.03,21.3,20.33,20.42,948849,18.467000000000002,13.990099999999991
2021-03-10,20.42,20.68,19.89,20.68,938923,18.762000000000004,14.09479999999999
2021-03-11,20.42,21.3,20.42,20.86,1187197,18.995500000000003,14.20219999999999
2021-03-12,21.3,21.3,20.59,20.59,742737,19.136000000000003,14.307799999999991
2021-03-15,20.59,20.86,20.24,20.42,688595,19.294500000000006,14.41259999999999
2021-03-16,20.42,20.42,19.71,19.8,1140681,19.404500000000006,14.511999999999992
2021-03-17,19.8,20.15,19.54,20.15,477190,19.483500000000003,14.615799999999993
2021-03-18,20.24,20.68,20.15,20.59,473401,19.611,14.725799999999992
2021-03-19,20.59,21.12,20.24,20.42,828217,19.743000000000002,14.836699999999993
2021-03-22,20.68,20.68,20.06,20.15,549622,19.853,14.943199999999996
2021-03-23,20.15,20.15,19.45,19.62,1120745,19.910000000000004,15.046099999999994
2021-03-24,19.54,19.54,18.3,18.92,1225024,19.919000000000004,15.143799999999993
2021-03-25,19.01,19.36,18.57,18.83,748866,19.901500000000002,15.241499999999995
2021-03-26,18.83,19.36,17.42,19.36,989501,19.9235,15.346199999999993
2021-03-29,19.45,19.62,19.27,19.54,354970,19.9235,15.453599999999993
2021-03-30,19.8,19.98,19.45,19.71,531737,19.945500000000003,15.558299999999992
2021-03-31,19.71,20.06,19.62,19.71,596584,19.976,15.662999999999993
2021-04-01,19.71,21.38,19.71,21.38,2163178,20.107999999999997,15.784399999999994
2021-04-02,21.56,22.35,21.3,21.47,1212961,20.182499999999997,15.906699999999994
2021-04-05,21.47,22.44,21.38,21.74,962464,20.218,16.031699999999994
2021-04-06,21.74,21.82,21.21,21.38,957748,20.266,16.152199999999997
2021-04-07,21.3,22.18,21.03,22.0,1311104,20.332,16.277199999999997
2021-04-08,22.0,22.44,21.47,22.26,1049419,20.401999999999997,16.403899999999997
2021-04-09,22.26,22.53,22.0,22.35,700234,20.490000000000002,16.531499999999998
2021-04-12,22.35,22.79,21.82,22.44,1680631,20.591,16.660899999999998
2021-04-13,22.44,22.88,21.3,21.38,1680631,20.669999999999998,16.7797
2021-04-14,21.38,21.65,20.86,21.38,1004339,20.7315,16.8976
2021-04-15,21.38,21.56,19.89,20.59,1740990,20.7315,17.0049
2021-04-16,20.06,20.59,18.92,19.98,1803679,20.7095,17.1061
2021-04-19,19.98,20.5,19.54,20.42,586109,20.723000000000003,17.211700000000004
2021-04-20,20.68,20.77,19.8,19.8,725006,20.732000000000003,17.312
2021-04-22,19.8,19.98,18.48,18.48,1112201,20.71,17.399100000000004
2021-04-23,18.48,19.01,18.04,18.83,741546,20.71,17.489700000000003
2021-04-26,19.01,19.1,17.86,17.86,781612,20.635,17.570600000000002
2021-04-27,17.78,17.86,17.42,17.6,628118,20.538000000000004,17.6489
2021-04-28,17.6,18.74,17.6,18.22,487518,20.463500000000003,17.7343
2021-04-29,18.39,18.48,18.13,18.3,417274,20.393000000000008,17.8214
2021-05-04,18.22,18.3,17.42,17.95,524860,20.221500000000006,17.9006
2021-05-05,18.04,18.83,18.04,18.66,733150,20.08100000000001,17.986900000000002
2021-05-06,18.66,18.92,18.48,18.57,659160,19.922500000000007,18.0732
2021-05-07,18.57,18.66,17.69,18.13,656758,19.76000000000001,18.148900000000005
2021-05-10,18.22,19.27,17.69,19.01,772091,19.61050000000001,18.2264
2021-05-11,19.18,20.06,19.1,19.1,657684,19.452500000000008,18.301200000000005
2021-05-12,18.83,19.45,18.66,19.45,472389,19.307500000000008,18.383100000000002
2021-05-13,19.45,20.15,17.6,19.18,738745,19.144500000000008,18.457000000000004
2021-05-14,19.01,19.62,18.74,19.01,662490,19.026000000000007,18.523000000000003
2021-05-17,19.01,19.54,18.74,18.83,551037,18.898500000000006,18.588100000000004
2021-05-18,18.74,18.83,18.39,18.39,614476,18.788500000000006,18.650600000000004
2021-05-19,18.3,18.92,18.13,18.83,815267,18.731000000000005,18.721000000000004
2021-05-20,18.83,20.33,18.48,19.98,1307137,18.709000000000007,18.795800000000003
2021-05-21,19.98,20.59,19.71,19.89,1186194,18.713500000000003,18.864500000000007
2021-05-24,19.54,20.15,19.54,20.06,590008,18.792500000000004,18.931300000000004
2021-05-25,20.06,21.65,20.06,21.3,1851203,18.916000000000004,19.015800000000002
2021-05-26,22.0,22.0,21.12,21.47,1253029,19.096500000000002,19.102900000000005
2021-05-27,21.47,21.56,20.5,20.86,1131116,19.259500000000003,19.179500000000004
2021-05-28,20.77,22.88,20.77,22.88,2070395,19.4925,19.272800000000004
2021-05-31,22.88,25.17,22.88,25.17,1673085,19.836000000000002,19.383700000000005
2021-06-01,25.52,27.19,24.82,26.05,2206397,20.241000000000003,19.497200000000007
2021-06-02,25.96,27.19,24.99,27.02,1756088,20.659,19.606400000000004
2021-06-03,27.02,29.22,27.02,28.07,1501063,21.134,19.710200000000004
2021-06-04,28.07,28.07,26.05,27.19,1601225,21.587,19.787600000000005
2021-06-07,27.19,29.04,24.55,24.55,2752184,21.864,19.823700000000002
2021-06-08,24.64,25.17,22.26,22.26,1557509,22.022,19.8316
2021-06-09,22.18,24.46,22.0,24.38,1219526,22.2685,19.866800000000005
2021-06-10,24.64,24.73,22.97,24.02,708265,22.5105,19.899300000000004
2021-06-11,23.85,25.43,23.41,24.82,1125776,22.801,19.941600000000005
2021-06-14,24.64,26.66,24.2,25.78,1803853,23.148500000000002,19.998800000000006
2021-06-15,25.87,26.4,25.34,25.34,1403376,23.496000000000002,20.034800000000004
2021-06-16,25.34,25.78,24.82,24.82,931044,23.7955,20.062100000000004
2021-06-17,24.64,24.99,23.41,24.73,1037650,24.033,20.093800000000005
2021-06-18,25.34,25.52,24.64,24.9,673394,24.2835,20.148300000000006
2021-06-21,24.55,25.52,24.55,25.08,759645,24.5345,20.190500000000007
2021-06-22,25.26,25.7,24.99,25.08,854743,24.723499999999998,20.235400000000006
2021-06-23,25.26,26.05,25.17,25.43,1073486,24.9215,20.29350000000001
2021-06-24,25.43,25.78,24.82,25.17,678737,25.137,20.355100000000007
2021-06-25,25.34,26.84,24.99,26.84,2126815,25.335,20.45190000000001
2021-06-28,26.84,28.07,26.84,27.37,1142877,25.445,20.570700000000006
2021-06-29,27.37,28.07,26.49,27.02,1119843,25.493499999999997,20.701000000000008
2021-06-30,27.02,27.02,26.4,26.49,988041,25.467,20.821600000000007
2021-07-01,26.49,29.13,26.4,29.13,2676065,25.52,20.98270000000001
2021-07-02,29.13,30.8,29.13,29.92,1361570,25.6565,21.14730000000001
2021-07-05,29.92,30.01,27.81,28.86,1467158,25.871999999999996,21.288100000000007
2021-07-06,28.86,29.66,26.05,26.05,1935204,26.061499999999995,21.38670000000001
2021-07-07,25.52,27.02,23.76,26.84,1711303,26.184499999999996,21.47730000000001
2021-07-08,26.84,27.28,25.52,26.75,758670,26.320999999999998,21.57230000000001
2021-07-09,26.75,26.75,24.11,24.2,1836445,26.29,21.638300000000008
2021-07-12,24.11,24.11,21.82,21.91,2289639,26.0965,21.671700000000005
2021-07-13,22.0,24.02,21.91,24.02,1015651,26.0305,21.731500000000004
2021-07-14,24.2,24.29,22.44,23.32,925669,25.9555,21.786900000000006
2021-07-15,22.88,24.55,22.79,24.46,790993,25.942,21.852000000000007
2021-07-16,24.55,24.55,23.85,23.85,535740,25.889500000000005,21.905700000000007
2021-07-19,23.32,23.32,21.91,22.0,988683,25.735500000000002,21.93830000000001
2021-07-20,22.0,23.67,21.91,23.67,861144,25.665000000000003,21.98320000000001
2021-07-21,23.76,24.02,23.06,23.32,540844,25.559500000000003,22.02720000000001
2021-07-22,23.23,23.94,22.97,23.94,669823,25.498,22.07120000000001
2021-07-23,23.94,23.94,23.32,23.32,800211,25.322000000000003,22.111700000000013
2021-07-26,22.88,23.76,22.79,23.76,420504,25.1415,22.15830000000002
2021-07-27,23.76,24.64,23.67,24.2,893276,25.000500000000002,22.21290000000002
2021-07-28,23.85,24.2,23.76,23.85,276259,24.868500000000004,22.251600000000018
2021-07-29,24.11,24.64,23.94,24.64,509654,24.644000000000002,22.287700000000015
2021-07-30,24.73,25.34,24.64,24.99,843007,24.3975,22.33340000000001
2021-08-02,24.99,25.26,24.64,24.73,715719,24.191000000000003,22.373900000000013
2021-08-03,24.73,25.34,24.38,25.17,878703,24.147000000000002,22.417000000000012
2021-08-04,25.34,25.96,25.17,25.34,963474,24.072000000000003,22.46450000000001
2021-08-05,25.34,26.49,24.64,26.05,1050446,24.037000000000003,22.520800000000012
2021-08-06,26.05,26.05,25.43,25.43,670789,24.098500000000005,22.57710000000001
2021-08-09,25.43,26.84,25.17,26.4,1083904,24.323,22.63960000000001
2021-08-10,26.49,26.84,26.05,26.31,714261,24.437500000000004,22.696800000000007
2021-08-11,26.31,26.84,25.96,26.14,845554,24.578500000000002,22.754000000000005
2021-08-12,25.61,26.58,25.52,26.05,669569,24.658000000000005,22.813000000000006
2021-08-13,26.05,26.66,25.87,26.66,995258,24.798500000000004,22.883400000000005
2021-08-16,26.84,29.04,26.84,28.6,1952008,25.128500000000006,22.980200000000004
2021-08-17,28.86,29.22,27.81,28.16,907352,25.353000000000005,23.073500000000003
2021-08-18,28.16,29.39,27.72,28.51,1201310,25.612500000000004,23.165000000000006
2021-08-19,27.81,29.39,27.72,29.04,1223629,25.867500000000007,23.260000000000005
2021-08-20,29.04,30.62,27.81,29.3,2380887,26.166500000000006,23.355900000000005
2021-08-23,29.39,32.21,29.04,31.94,2225419,26.575500000000012,23.478200000000005
2021-08-24,31.86,32.47,28.78,29.13,1843221,26.822000000000013,23.555700000000005
2021-08-25,28.95,29.48,27.81,29.48,1145271,27.103500000000015,23.635800000000007
2021-08-26,29.57,29.57,28.6,28.6,1134432,27.301500000000015,23.70440000000001
2021-08-27,28.6,29.57,27.72,29.39,915613,27.521500000000014,23.78450000000001
2021-08-30,29.3,30.27,29.04,30.27,954828,27.79850000000001,23.867200000000008
2021-08-31,30.27,30.62,29.48,29.57,788363,28.018500000000017,23.940300000000008
2021-09-01,29.57,30.36,29.04,30.1,1089464,28.256500000000017,24.01780000000001
2021-09-06,30.1,31.5,30.1,30.98,1189632,28.50300000000002,24.103200000000005
2021-09-07,31.24,31.68,30.27,30.98,874050,28.780500000000025,24.199200000000005
2021-09-08,30.98,31.24,29.74,30.01,726674,28.961000000000023,24.285500000000006
2021-09-09,29.92,30.45,29.92,30.45,507516,29.168000000000028,24.384100000000004
2021-09-10,30.45,30.8,30.1,30.1,505437,29.36600000000003,24.485300000000002
2021-09-13,30.36,30.36,29.04,29.57,1212668,29.542000000000037,24.576800000000002
2021-09-14,29.57,29.57,28.78,28.78,818068,29.648000000000035,24.666600000000003
2021-09-15,28.6,29.48,28.25,29.13,466816,29.674500000000034,24.773100000000003
2021-09-16,29.39,29.57,29.13,29.3,339592,29.731500000000032,24.877800000000008
2021-09-17,29.3,30.18,29.04,29.74,467691,29.793000000000035,24.996600000000004
2021-09-20,29.83,30.27,29.04,29.22,564711,29.80200000000004,25.112800000000004
2021-09-21,28.69,29.04,28.07,28.78,786361,29.77600000000004,25.218400000000006
2021-09-22,28.78,29.13,28.34,28.95,349637,29.62650000000004,25.324900000000003
2021-09-23,28.95,29.39,28.69,28.86,444843,29.61300000000004,25.434000000000005
2021-09-24,28.86,29.13,28.69,28.86,253200,29.58200000000004,25.53600000000001
2021-09-27,28.86,29.3,28.16,28.25,556714,29.564500000000038,25.632800000000007
2021-09-28,28.25,28.95,27.46,28.95,367883,29.54250000000004,25.741000000000003
2021-09-29,28.86,28.86,28.16,28.34,154233,29.446000000000044,25.834300000000002
2021-09-30,28.42,28.95,28.34,28.34,210133,29.384500000000042,25.926700000000004
2021-10-01,28.34,28.69,28.16,28.25,216996,29.29200000000004,26.01470000000001
2021-10-04,28.25,28.6,27.72,27.81,256481,29.133500000000037,26.10100000000001
2021-10-05,28.07,29.92,28.07,29.3,538832,29.049500000000034,26.203900000000008
2021-10-06,29.3,29.66,28.78,29.04,279430,29.001000000000033,26.306000000000008
2021-10-07,29.48,29.83,29.04,29.22,359947,28.93950000000003,26.414300000000008
2021-10-08,29.22,29.57,29.04,29.22,427235,28.895500000000034,26.518200000000007
2021-10-11,29.76,30.21,28.95,29.76,376273,28.90500000000003,26.616000000000007
2021-10-12,29.85,29.85,29.4,29.58,252977,28.945000000000032,26.71290000000001
2021-10-13,29.49,29.67,29.31,29.4,200970,28.958500000000033,26.80630000000001
2021-10-14,29.49,30.12,29.22,29.76,543901,28.981500000000032,26.89090000000001
2021-10-15,29.94,31.29,29.94,30.66,944664,29.027500000000032,26.98280000000001
2021-10-18,30.84,31.56,30.66,31.29,705754,29.13100000000003,27.08710000000001
2021-10-19,31.38,31.74,30.48,30.48,619389,29.21600000000003,27.163100000000007
2021-10-20,30.21,30.21,29.22,29.76,877540,29.256500000000027,27.20900000000001
2021-10-21,29.76,29.94,29.04,29.22,623802,29.274500000000028,27.240700000000007
2021-10-22,29.22,29.22,28.4,28.58,750753,29.26050000000003,27.256300000000007
2021-10-25,28.58,29.58,27.77,29.22,433455,29.309000000000033,27.2678
2021-10-26,29.22,29.22,28.49,28.95,129182,29.309000000000033,27.2854
2021-10-27,28.95,29.67,28.67,29.58,482611,29.37100000000003,27.335699999999996
2021-10-28,29.58,30.66,29.58,30.03,693793,29.45550000000003,27.413399999999996
2021-10-29,30.48,30.48,29.49,29.85,376596,29.53550000000003,27.468099999999996
2021-11-01,29.85,31.38,29.85,31.02,1384570,29.696000000000033,27.538099999999996
2021-11-02,31.02,33.99,31.02,33.9,2004194,29.926000000000034,27.628899999999994
2021-11-03,35.53,35.53,32.55,33.36,1043919,30.142000000000035,27.704699999999992
2021-11-04,33.36,36.16,33.0,34.36,1517190,30.399000000000036,27.794899999999995
2021-11-05,34.36,35.17,33.9,34.72,883804,30.674000000000035,27.893899999999988
2021-11-08,34.27,35.53,34.27,35.17,719785,30.944500000000033,27.99829999999999
2021-11-09,35.17,35.17,34.27,35.17,716336,31.22400000000003,28.10099999999999
2021-11-10,35.17,35.98,34.63,35.26,802505,31.51700000000003,28.202799999999993
2021-11-11,35.26,35.8,33.54,34.63,1042641,31.76050000000003,28.298299999999994
2021-11-12,34.54,36.07,34.36,36.07,854472,32.031000000000034,28.4047
2021-11-15,36.25,38.77,35.62,37.42,610641,32.337500000000034,28.527199999999997
2021-11-16,37.42,37.78,36.07,36.79,669717,32.653000000000034,28.626699999999996
2021-11-17,36.07,37.96,36.07,37.15,807175,33.02250000000003,28.7245
2021-11-18,37.15,40.49,37.15,40.22,1379268,33.57250000000003,28.856499999999997
2021-11-19,40.22,41.39,36.25,37.96,1217657,34.04150000000003,28.9712
2021-11-22,38.95,38.95,36.16,36.97,712267,34.42900000000003,29.049599999999995
2021-11-23,36.07,39.04,35.62,39.04,569169,34.93350000000002,29.140799999999995
2021-11-24,39.04,40.4,38.59,39.59,770367,35.434000000000026,29.248099999999994
2021-11-25,39.41,40.85,38.86,40.31,613837,35.94800000000002,29.390699999999992
2021-11-26,40.04,41.12,38.59,39.41,769901,36.42600000000002,29.51639999999999
2021-11-29,36.97,39.32,36.97,38.77,477717,36.81350000000002,29.63659999999999
2021-11-30,38.77,39.5,37.96,37.96,982429,37.01650000000002,29.774199999999993
2021-12-01,37.87,38.32,37.15,37.6,623149,37.228500000000025,29.931099999999994
2021-12-02,37.6,38.32,37.42,37.42,383149,37.381500000000024,30.065099999999994
2021-12-03,37.42,37.69,34.27,34.27,1085923,37.35900000000002,30.17459999999999
2021-12-06,34.27,35.08,31.56,32.46,724025,37.22350000000002,30.254599999999993
2021-12-07,32.46,33.45,32.28,33.27,554737,37.128500000000024,30.348799999999994
2021-12-08,33.36,34.18,32.91,33.09,335948,37.020000000000024,30.459699999999994
2021-12-09,33.09,34.27,33.0,34.27,312508,37.002000000000024,30.565699999999993
2021-12-10,34.27,34.72,33.81,34.27,298735,36.91200000000002,30.67519999999999
2021-12-13,34.27,35.62,33.99,35.62,366894,36.822000000000024,30.791999999999987
2021-12-14,35.62,36.25,34.9,35.53,213216,36.75900000000003,30.91409999999999
2021-12-15,35.35,35.35,34.27,34.45,228798,36.62400000000003,31.020999999999987
2021-12-16,34.81,35.17,34.09,34.09,347168,36.31750000000003,31.119899999999987
2021-12-17,34.09,35.35,34.09,34.99,412633,36.169000000000025,31.231299999999987
2021-12-20,34.9,36.07,34.63,34.99,395360,36.07000000000003,31.334799999999987
2021-12-21,34.99,35.17,34.54,34.9,227942,35.86300000000003,31.43389999999999
2021-12-22,34.9,35.17,33.81,34.27,340729,35.59700000000002,31.52929999999999
2021-12-23,34.27,34.27,32.46,32.73,562703,35.21800000000003,31.60489999999999
2021-12-24,32.73,33.63,32.73,33.36,215915,34.91550000000003,31.685099999999988
2021-12-27,33.36,34.18,33.36,33.81,110830,34.66750000000003,31.762699999999985
2021-12-28,33.9,34.09,33.63,33.81,228391,34.46000000000002,31.84649999999999
2021-12-29,33.81,34.81,33.54,34.63,307530,34.311500000000024,31.92879999999999
2021-12-30,34.81,37.6,34.81,37.24,749748,34.30250000000002,32.038099999999986
2021-12-31,37.42,37.6,36.16,36.16,212144,34.39700000000003,32.13829999999999
2022-01-04,36.16,37.42,36.07,37.15,415397,34.631500000000024,32.249299999999984
2022-01-05,37.15,38.23,36.7,36.7,847598,34.803000000000026,32.349699999999984
2022-01-06,36.7,37.42,36.07,36.43,396871,34.97000000000002,32.42799999999998
2022-01-07,36.43,37.24,36.16,36.97,358886,35.105000000000025,32.51609999999998
2022-01-10,37.15,37.6,35.44,35.44,795210,35.16350000000002,32.58539999999998
2022-01-11,35.35,36.25,34.45,34.45,321351,35.105000000000025,32.63949999999998
2022-01-12,34.27,35.35,33.36,34.27,452603,35.04200000000002,32.68919999999998
2022-01-13,35.08,35.35,34.09,35.17,581445,35.07800000000002,32.72149999999998
2022-01-14,34.9,35.08,34.18,34.27,110122,35.08700000000002,32.77289999999998
2022-01-17,34.36,34.36,31.74,32.1,937640,34.94250000000002,32.799099999999974
2022-01-18,31.56,32.01,29.31,30.75,308659,34.73050000000002,32.82059999999998
2022-01-19,29.49,32.01,29.49,32.01,168731,34.58600000000002,32.84679999999998
2022-01-20,32.01,33.18,31.83,33.09,142477,34.52700000000002,32.87499999999998
2022-01-21,33.45,33.45,32.55,33.18,75229,34.549500000000016,32.911099999999976
2022-01-24,33.27,33.45,30.93,31.56,342518,34.45950000000001,32.92569999999998
2022-01-25,30.84,32.28,30.84,32.01,116220,34.369500000000016,32.93599999999998
2022-01-26,32.46,32.55,31.11,31.11,204921,34.23450000000002,32.93729999999998
2022-01-27,31.2,32.37,31.11,32.19,257501,34.112500000000026,32.95909999999998
2022-01-28,32.37,32.73,31.74,32.64,56800,33.88250000000002,32.98099999999998
2022-02-07,33.27,33.45,32.82,33.45,82891,33.74700000000003,33.01449999999998
2022-02-08,33.36,33.99,33.09,33.9,125052,33.58450000000003,33.05779999999998
2022-02-09,33.81,34.27,33.45,33.9,100366,33.44450000000002,33.10899999999998
2022-02-10,33.9,33.9,32.91,33.36,97218,33.291000000000025,33.15129999999998
2022-02-11,33.36,33.81,33.09,33.45,83144,33.11500000000002,33.19279999999998
2022-02-14,33.18,33.36,32.46,32.73,92807,32.97950000000003,33.222699999999975
2022-02-15,32.82,33.0,32.28,32.91,81704,32.902500000000025,33.25959999999998
2022-02-16,32.91,33.27,32.73,33.0,65993,32.83900000000003,33.30179999999998
2022-02-17,33.0,33.27,32.82,33.0,56724,32.73050000000003,33.34229999999998
2022-02-18,33.0,34.09,32.73,33.72,215210,32.70300000000003,33.390899999999974
2022-02-21,33.72,34.72,33.72,34.45,424662,32.82050000000003,33.44679999999997
2022-02-22,34.45,34.99,33.45,33.9,126210,32.97800000000003,33.503299999999975
2022-02-23,33.9,34.18,33.45,33.9,193680,33.07250000000003,33.552799999999976
2022-02-24,33.54,34.72,33.0,33.27,356942,33.08150000000003,33.60209999999997
2022-02-25,33.27,34.72,33.27,34.18,327570,33.13150000000003,33.66049999999997
2022-02-28,34.27,34.27,33.45,33.81,113111,33.24400000000003,33.71609999999997
2022-03-01,33.99,34.72,33.54,34.54,451412,33.37050000000003,33.78339999999997
2022-03-02,34.54,37.78,34.18,37.33,1826698,33.68150000000003,33.863699999999966
2022-03-03,37.87,38.32,36.97,37.51,533084,33.947500000000026,33.94839999999997
2022-03-04,37.42,38.95,37.42,37.69,658566,34.200000000000024,34.03309999999997
2022-03-07,37.69,37.69,35.62,36.07,763984,34.331000000000024,34.101599999999976
2022-03-08,35.89,37.42,35.35,35.89,614423,34.43050000000002,34.16289999999997
2022-03-09,35.89,36.34,34.27,34.99,672130,34.48500000000003,34.21699999999997
2022-03-10,35.26,36.52,35.17,35.89,345155,34.61150000000002,34.28189999999997
2022-03-11,35.17,35.44,34.36,34.45,416796,34.661500000000025,34.328799999999966
2022-03-14,34.09,34.09,32.46,32.82,544864,34.666000000000025,34.350399999999965
2022-03-15,32.28,33.36,32.28,32.82,195620,34.66150000000003,34.36569999999997
2022-03-16,33.0,33.81,32.91,33.81,179323,34.702000000000034,34.39899999999997
2022-03-17,33.9,34.09,33.0,33.81,180694,34.74250000000003,34.43949999999997
2022-03-18,33.81,33.81,32.91,33.27,202400,34.72000000000003,34.47999999999997
2022-03-21,33.27,33.72,33.09,33.72,180421,34.68350000000002,34.53139999999997
2022-03-22,33.72,34.09,33.63,33.72,246227,34.67450000000003,34.576399999999964
2022-03-23,34.09,34.45,33.54,34.45,319520,34.702000000000034,34.631399999999964
2022-03-24,34.45,34.9,33.72,34.18,244622,34.74750000000003,34.67739999999996
2022-03-25,34.18,34.36,33.81,33.81,124908,34.72900000000003,34.71519999999996
2022-03-28,33.81,33.81,32.46,32.91,346570,34.68400000000003,34.74579999999996
2022-03-29,32.91,33.36,32.91,33.36,232332,34.625000000000036,34.76919999999996
2022-03-30,33.27,34.36,32.91,33.81,213120,34.449000000000034,34.76829999999996
2022-03-31,33.81,33.9,33.09,33.09,116348,34.22800000000004,34.765599999999964
2022-04-01,33.09,33.54,32.91,33.54,274153,34.02050000000004,34.75739999999996
2022-04-04,33.72,35.44,33.72,35.08,418075,33.97100000000004,34.76099999999996
2022-04-05,34.72,35.35,33.81,34.36,426801,33.894500000000036,34.75289999999996
2022-04-06,34.36,34.45,33.81,34.45,172222,33.86750000000004,34.745699999999964
2022-04-07,34.36,34.36,33.36,33.36,264060,33.74100000000004,34.72669999999996
2022-04-08,33.36,33.81,32.82,32.82,209851,33.659500000000044,34.70859999999996
2022-04-12,32.91,32.91,30.66,30.66,275860,33.55150000000004,34.654499999999956
2022-04-13,30.66,32.01,29.76,32.01,158012,33.51100000000004,34.60039999999996
2022-04-14,31.92,31.92,31.29,31.29,129152,33.38500000000003,34.54539999999996
2022-04-15,31.11,31.56,30.66,30.66,115002,33.227500000000035,34.48049999999996
2022-04-18,30.66,30.66,28.04,28.58,221840,32.99300000000004,34.36409999999996
2022-04-19,28.4,28.86,25.79,25.79,174300,32.596500000000034,34.242399999999954
2022-04-20,25.79,26.15,25.25,25.43,181431,32.18200000000003,34.12699999999996
2022-04-21,25.25,26.15,23.81,24.8,546794,31.69950000000003,33.98459999999996
2022-04-22,24.8,25.97,24.71,25.16,166299,31.24850000000003,33.84029999999996
2022-04-25,25.25,25.79,22.72,22.72,241383,30.694000000000027,33.66439999999996
2022-04-26,22.72,23.26,20.74,23.17,148400,30.20700000000003,33.50199999999996
2022-04-27,23.17,24.35,22.99,24.08,88135,29.74300000000003,33.35509999999996
2022-04-28,24.17,24.8,23.99,24.35,34600,29.27000000000003,33.21899999999996
2022-04-29,24.17,24.62,23.9,24.62,43000,28.84650000000003,33.089199999999956
2022-05-04,24.62,24.62,22.27,22.99,82255,28.319000000000035,32.944899999999954
2022-05-05,22.99,23.72,22.18,23.17,242324,27.72350000000003,32.83389999999995
2022-05-06,22.99,22.99,22.0,22.27,128801,27.119000000000028,32.73199999999995
2022-05-09,22.0,22.0,20.11,20.11,137950,26.402000000000026,32.60039999999995
2022-05-10,18.21,20.11,18.12,19.84,226772,25.726000000000028,32.46789999999996
2022-05-11,17.85,20.56,17.85,19.93,66648,25.081500000000027,32.32449999999995
2022-05-12,19.75,19.93,17.94,17.94,442121,24.445500000000028,32.16119999999995
2022-05-13,16.23,17.85,16.23,16.23,363701,23.65650000000003,31.967299999999955
2022-05-16,14.7,17.85,14.61,16.23,262226,22.90350000000003,31.774299999999954
2022-05-17,16.23,17.85,15.15,17.85,201805,22.263000000000027,31.608299999999954
2022-05-18,18.49,19.03,18.21,18.21,299204,21.744500000000027,31.449499999999954
2022-05-19,17.94,19.39,17.31,19.39,467460,21.424500000000027,31.293499999999952
2022-05-20,19.12,20.29,19.03,19.75,305003,21.140500000000024,31.141099999999955
2022-05-23,19.84,19.84,18.03,18.4,257577,20.820500000000024,30.976099999999956
2022-05-24,18.49,18.94,17.76,18.94,219202,20.509500000000024,30.82279999999996
2022-05-25,18.94,19.84,18.76,19.57,322704,20.352000000000025,30.69119999999996
2022-05-26,19.93,20.56,19.75,20.2,230900,20.203500000000023,30.559599999999953
2022-05-27,20.2,20.56,20.02,20.47,98114,20.023000000000025,30.42619999999995
2022-05-30,20.47,20.92,20.38,20.56,298751,19.833500000000022,30.293699999999955
2022-05-31,20.56,20.56,20.2,20.38,197616,19.621500000000022,30.151199999999953
2022-06-01,20.29,20.47,20.11,20.29,200215,19.486500000000024,29.981699999999954
2022-06-02,20.29,20.83,19.84,19.93,251264,19.32450000000002,29.819399999999955
2022-06-03,19.93,20.02,19.12,19.57,111919,19.189500000000024,29.643599999999957
2022-06-06,19.21,20.11,18.94,19.21,141025,19.144500000000022,29.46869999999996
2022-06-07,19.03,19.48,18.4,18.85,173501,19.095000000000024,29.29289999999996
2022-06-08,19.03,19.66,19.03,19.48,95199,19.072500000000026,29.11799999999996
2022-06-09,20.11,20.11,19.3,19.75,182015,19.163000000000025,28.96109999999996
2022-06-10,19.39,19.84,19.03,19.03,98609,19.303000000000026,28.806899999999963
2022-06-13,19.21,19.21,17.13,17.31,288330,19.357000000000024,28.637299999999964
2022-06-14,17.31,17.94,16.86,16.86,145110,19.307500000000026,28.454199999999965
2022-06-15,17.22,17.22,16.41,16.68,261714,19.231000000000027,28.278299999999962
2022-06-16,16.95,17.31,16.68,16.77,130209,19.100000000000026,28.124999999999964
2022-06-17,16.59,16.59,15.6,15.87,206571,18.906000000000027,27.976199999999963
2022-06-20,15.78,16.77,15.15,15.15,166100,18.743500000000026,27.80759999999996
2022-06-21,15.24,15.78,14.79,14.88,144300,18.540500000000026,27.62549999999996
2022-06-22,13.44,16.14,13.44,15.33,67500,18.328500000000027,27.44699999999996
2022-06-23,15.33,16.23,15.33,16.14,99455,18.125500000000024,27.29279999999996
2022-06-24,16.14,16.41,15.33,16.32,64600,17.918000000000028,27.13589999999996
2022-06-27,16.32,17.13,15.87,17.04,161100,17.742000000000026,26.995199999999958
2022-06-28,17.49,17.49,16.68,16.86,195000,17.566000000000027,26.84189999999996
2022-06-29,16.77,17.58,16.68,17.04,45840,17.40350000000003,26.68589999999996
2022-06-30,17.04,17.04,15.96,16.23,75100,17.218500000000027,26.51369999999996
2022-07-01,16.23,17.13,15.69,16.77,155100,17.078500000000027,26.342399999999962
2022-07-04,16.77,17.94,16.32,17.22,181101,16.97900000000003,26.17559999999996
2022-07-05,17.04,17.31,16.77,16.77,178000,16.87500000000003,26.009699999999956
2022-07-06,16.32,16.68,15.6,16.41,82300,16.721500000000027,25.83929999999996
2022-07-07,16.41,16.59,15.96,16.59,130514,16.563500000000026,25.67789999999996
2022-07-08,16.59,17.94,16.59,17.49,115730,16.486500000000028,25.52369999999996
2022-07-11,17.13,17.49,16.68,16.68,226712,16.45500000000003,25.360499999999956
2022-07-12,16.68,17.31,16.23,17.31,120422,16.477500000000028,25.203599999999955
2022-07-13,17.4,17.49,16.95,17.49,100202,16.51800000000003,25.041299999999957
2022-07-14,17.13,18.49,16.95,18.3,280471,16.594500000000032,24.87979999999996
2022-07-15,18.3,18.49,17.85,17.85,114038,16.693500000000032,24.719299999999958
2022-07-18,18.03,18.12,17.4,17.76,359100,16.824000000000034,24.557899999999957
2022-07-19,17.49,17.67,17.13,17.4,113701,16.95000000000003,24.39919999999996
2022-07-20,17.76,18.3,17.58,17.76,315418,17.071500000000032,24.234999999999964
2022-07-21,17.67,17.67,17.31,17.49,183316,17.13900000000003,24.07179999999996
2022-07-22,17.4,17.58,17.22,17.31,92310,17.188500000000033,23.89949999999996
2022-07-25,17.31,17.31,16.68,16.77,193914,17.175000000000033,23.693899999999964
2022-07-26,16.77,16.86,16.59,16.68,86138,17.166000000000032,23.48559999999996
2022-07-27,16.59,17.04,16.32,17.04,141714,17.166000000000032,23.279099999999957
2022-07-28,17.4,17.76,17.13,17.31,142813,17.22000000000003,23.091499999999954
2022-07-29,17.4,17.76,17.13,17.22,220780,17.242500000000028,22.904799999999955
2022-08-01,17.22,18.85,17.22,18.85,647000,17.32400000000003,22.743399999999955
2022-08-02,18.94,19.03,18.3,18.67,288753,17.419000000000032,22.57119999999996
2022-08-03,18.67,19.48,18.21,19.39,365766,17.56800000000003,22.420599999999958
2022-08-04,19.48,19.75,19.03,19.3,372440,17.70350000000003,22.28539999999996
2022-08-05,18.94,20.02,18.94,19.84,292500,17.82100000000003,22.155599999999957
2022-08-08,19.93,20.74,19.84,19.93,449866,17.983500000000028,22.016799999999957
2022-08-09,20.11,20.29,19.57,19.93,325900,18.114500000000028,21.877999999999957
2022-08-10,19.84,20.29,19.57,19.93,301051,18.236500000000028,21.744599999999956
2022-08-11,20.29,20.47,19.39,19.57,547847,18.30000000000003,21.60309999999996
2022-08-12,19.57,20.02,19.39,19.93,320806,18.40400000000003,21.46519999999996
2022-08-15,19.84,21.64,19.84,21.55,1225036,18.593500000000027,21.336199999999963
2022-08-16,21.55,22.0,20.92,21.37,338253,18.79200000000003,21.208099999999963
2022-08-17,21.55,21.64,20.92,20.92,235262,18.95000000000003,21.079199999999965
2022-08-18,20.74,22.0,20.65,21.28,913006,19.139500000000034,20.96289999999997
2022-08-19,21.19,22.0,21.19,21.73,481524,19.360500000000034,20.846599999999967
2022-08-22,21.73,22.27,21.19,22.18,650250,19.631000000000036,20.730299999999964
2022-08-23,22.09,22.81,21.46,22.45,640849,19.919500000000035,20.623899999999967
2022-08-24,22.45,22.72,22.18,22.18,246845,20.176500000000033,20.510299999999965
2022-08-25,22.18,22.9,22.09,22.27,414028,20.42450000000003,20.382199999999965
2022-08-26,22.27,22.27,21.28,21.73,529289,20.650000000000034,20.25589999999997
2022-08-29,21.46,21.46,19.84,21.19,701500,20.76700000000003,20.12329999999997
2022-08-30,21.37,21.64,20.83,21.01,187713,20.884000000000032,19.99979999999997
2022-08-31,21.01,21.1,20.38,21.01,306830,20.965000000000032,19.88169999999997
2022-09-05,21.01,21.01,20.47,20.47,395710,21.02350000000003,19.77979999999997
2022-09-06,20.56,20.74,20.02,20.74,186004,21.068500000000032,19.66709999999997
2022-09-07,20.74,20.74,19.03,19.03,350619,21.02350000000003,19.544499999999967
2022-09-08,19.03,19.57,18.94,18.94,205300,20.97400000000003,19.427299999999967
2022-09-09,19.48,19.48,18.4,19.12,160332,20.93350000000003,19.332699999999967
2022-09-12,19.12,19.48,19.12,19.21,104541,20.91550000000003,19.266899999999968
2022-09-13,19.21,19.3,18.67,18.85,180250,20.861500000000028,19.20109999999997
2022-09-14,18.85,19.21,18.03,19.21,302270,20.744500000000027,19.145199999999967
2022-09-15,19.21,19.3,18.94,18.94,109404,20.623000000000026,19.082999999999966
2022-09-16,18.94,18.94,17.76,17.94,269765,20.474000000000025,19.035199999999968
2022-09-19,18.03,18.03,16.86,16.86,256902,20.253000000000025,18.972099999999966
2022-09-20,16.86,17.67,16.86,17.67,173203,20.050000000000026,18.90799999999997
2022-09-21,17.67,17.67,16.77,17.58,66620,19.820000000000025,18.840299999999967
2022-09-22,17.13,18.58,17.13,18.58,364229,19.626500000000025,18.77989999999997
2022-09-23,18.58,18.67,18.03,18.12,149705,19.423500000000026,18.731199999999966
2022-09-26,18.03,18.03,16.68,16.95,279800,19.157500000000024,18.66899999999997
2022-09-27,17.31,17.4,16.95,17.22,112238,18.932000000000023,18.61849999999997
2022-09-28,17.22,17.67,16.86,17.13,295000,18.72900000000002,18.58869999999997
2022-09-29,17.58,17.85,16.86,16.86,99823,18.521500000000024,18.55889999999997
2022-09-30,16.77,17.04,15.51,17.04,365993,18.323000000000025,18.52999999999997
2022-10-03,17.4,17.4,15.96,16.05,211918,18.102000000000025,18.511099999999967
2022-10-04,16.24,16.81,15.96,16.52,239500,17.891000000000023,18.513999999999967
2022-10-05,16.62,17.37,16.62,17.37,193500,17.80800000000002,18.525399999999966
2022-10-06,17.28,17.28,16.05,16.99,140210,17.71050000000002,18.516799999999968
2022-10-07,16.52,16.52,15.48,16.24,754922,17.566500000000023,18.497099999999968
2022-10-10,15.86,17.37,15.77,17.28,137224,17.47000000000002,18.475999999999964
2022-10-11,17.28,17.28,15.77,16.81,194001,17.36800000000002,18.446599999999965
2022-10-12,15.77,17.28,15.77,16.81,125620,17.248000000000022,18.430699999999963
2022-10-13,17.28,17.28,16.62,16.9,27362,17.146000000000022,18.410299999999964
2022-10-14,16.99,17.56,16.99,17.47,238299,17.12250000000002,18.389299999999963
2022-10-17,17.18,17.47,16.81,17.47,74481,17.15300000000002,18.361999999999963
2022-10-18,17.56,17.94,17.09,17.47,132244,17.14300000000002,18.331999999999965
2022-10-19,17.47,17.47,16.81,17.18,131953,17.12300000000002,18.298199999999966
2022-10-20,16.81,17.18,16.24,16.81,143133,17.03450000000002,18.262499999999964
2022-10-21,16.62,16.62,15.2,15.2,392710,16.88850000000002,18.211599999999965
2022-10-24,13.69,15.58,13.69,13.69,163304,16.725500000000018,18.149199999999965
2022-10-25,12.37,14.54,12.37,14.16,213800,16.572500000000023,18.095099999999967
2022-10-26,14.16,14.44,13.31,13.97,100500,16.414500000000025,18.042699999999964
2022-10-27,13.78,14.92,13.78,14.92,189465,16.317500000000024,18.003399999999967
2022-10-28,15.11,15.39,14.63,15.39,157613,16.23500000000002,17.962499999999967
2022-10-31,15.39,15.58,14.54,15.58,201476,16.211500000000022,17.920799999999968
2022-11-01,15.39,15.86,15.2,15.86,208442,16.17850000000002,17.889099999999967
2022-11-02,15.77,15.77,15.11,15.77,105222,16.098500000000023,17.873699999999968
2022-11-03,15.29,15.48,15.11,15.29,73251,16.013500000000022,17.85799999999997
2022-11-04,14.92,14.92,13.97,14.26,525132,15.914500000000022,17.833799999999968
2022-11-07,14.26,14.26,13.6,13.6,159206,15.730500000000024,17.802099999999967
2022-11-08,13.5,14.16,13.31,13.69,115965,15.574500000000024,17.78029999999997
2022-11-09,14.16,14.35,13.78,13.78,88211,15.423000000000021,17.76659999999997
2022-11-10,14.16,14.16,13.03,13.6,514633,15.258000000000024,17.753799999999966
2022-11-11,13.6,14.16,13.22,13.41,85800,15.055000000000026,17.734599999999965
2022-11-14,13.41,13.41,12.08,12.08,183461,14.785500000000027,17.693999999999964
2022-11-15,11.14,12.08,10.95,10.95,197515,14.459500000000029,17.640299999999964
2022-11-16,10.95,11.99,10.01,11.99,175260,14.200000000000028,17.589799999999965
2022-11-17,12.18,12.93,12.18,12.84,65751,14.001500000000027,17.549599999999966
2022-11-18,11.61,13.22,11.61,13.12,87800,13.897500000000027,17.510399999999965
2022-11-21,12.65,13.41,12.56,13.41,60706,13.88350000000003,17.482199999999967
2022-11-22,13.03,14.35,13.03,13.69,142987,13.860000000000028,17.451399999999968
2022-11-23,14.07,14.16,13.31,13.31,77628,13.827000000000027,17.412299999999966
2022-11-24,13.41,13.41,13.12,13.41,57706,13.751500000000027,17.378699999999967
2022-11-25,13.5,14.73,13.5,14.73,101304,13.718500000000029,17.361899999999967
2022-11-28,14.73,15.86,14.54,15.86,219460,13.73250000000003,17.354599999999966
2022-11-29,15.96,16.43,15.2,16.24,214077,13.75150000000003,17.342099999999967
2022-11-30,16.24,16.33,15.77,16.05,109254,13.765500000000031,17.335799999999963
2022-12-01,16.05,16.71,16.05,16.05,206430,13.803500000000032,17.323199999999964
2022-12-02,15.86,16.99,15.58,16.99,168772,13.940000000000031,17.318199999999965
2022-12-05,16.99,17.56,16.99,17.28,247426,14.124000000000029,17.307999999999964
2022-12-06,17.47,17.47,15.67,15.67,246320,14.223000000000031,17.286199999999965
2022-12-07,16.05,16.14,14.44,14.63,114722,14.265500000000031,17.254899999999967
2022-12-08,14.63,16.05,14.63,15.86,119143,14.378500000000031,17.239499999999968
2022-12-09,15.86,15.86,15.2,15.58,52601,14.487000000000029,17.217699999999965
2022-12-12,15.2,16.05,15.2,15.2,204173,14.643000000000029,17.194799999999965
2022-12-13,13.69,15.86,13.69,15.86,86412,14.88850000000003,17.180299999999967
2022-12-14,16.05,16.52,16.05,16.14,114253,15.096000000000029,17.173999999999968
2022-12-15,16.33,16.43,15.96,16.14,88001,15.26100000000003,17.168599999999966
2022-12-16,16.14,17.47,16.05,17.47,404576,15.47850000000003,17.172899999999967
2022-12-19,17.47,19.17,17.47,17.94,181199,15.70500000000003,17.17919999999997
2022-12-20,17.18,18.32,16.24,17.09,178506,15.875000000000028,17.17789999999997
2022-12-21,16.99,17.28,15.39,17.28,311930,16.07350000000003,17.16219999999997
2022-12-22,18.98,18.98,17.28,17.56,159254,16.281000000000027,17.151099999999968
2022-12-23,17.56,17.94,16.99,17.65,228042,16.427000000000028,17.133699999999966
2022-12-26,17.47,17.47,15.96,15.96,123897,16.432000000000023,17.10029999999997
2022-12-27,15.11,16.99,14.44,16.52,192876,16.446000000000023,17.067099999999968
2022-12-28,16.52,17.47,15.58,17.47,139366,16.517000000000024,17.04249999999997
2022-12-29,17.18,17.94,16.71,17.94,137040,16.611500000000024,17.02259999999997
2022-12-30,17.94,19.45,16.99,19.45,127100,16.734500000000022,17.01779999999997
2023-01-03,19.35,19.83,17.94,19.83,218700,16.86200000000002,17.020399999999967
2023-01-04,19.83,20.02,18.88,19.35,131818,17.04600000000002,17.014599999999966
2023-01-05,18.88,19.35,18.69,19.35,87062,17.28200000000002,16.992599999999968
2023-01-06,18.98,19.26,18.41,19.26,124793,17.45200000000002,16.971499999999967
2023-01-09,18.88,18.88,17.94,17.94,74864,17.57000000000002,16.941699999999965
2023-01-10,17.94,18.13,17.18,18.13,75380,17.71650000000002,16.910199999999968
2023-01-11,17.94,18.79,17.65,18.79,100380,17.86300000000002,16.88079999999997
2023-01-12,18.79,19.07,18.13,19.07,77025,18.009500000000024,16.849699999999967
2023-01-13,18.88,19.35,18.41,18.98,69865,18.151500000000024,16.814999999999966
2023-01-16,18.5,18.98,18.5,18.5,48250,18.203000000000024,16.778199999999966
2023-01-17,18.5,19.07,18.5,19.07,58053,18.259500000000024,16.746199999999966
2023-01-18,18.98,19.07,18.6,19.07,93085,18.358500000000028,16.719599999999964
2023-01-19,18.79,19.73,18.69,19.73,100578,18.48100000000003,16.704999999999963
2023-01-27,19.73,19.92,19.17,19.17,57820,18.56150000000003,16.686599999999963
2023-01-30,19.17,19.35,18.98,19.17,81045,18.63750000000003,16.668199999999967
2023-01-31,19.07,19.26,18.79,19.26,39393,18.80250000000003,16.656099999999967
2023-02-01,19.45,19.54,17.47,17.84,162622,18.868500000000033,16.627099999999963
2023-02-02,17.84,18.22,17.56,17.94,120030,18.89200000000003,16.616199999999964
2023-02-03,18.13,18.13,17.28,17.94,56001,18.89200000000003,16.606199999999966
2023-02-06,17.94,17.94,17.47,17.47,29278,18.793000000000035,16.589699999999965
2023-02-07,17.84,17.84,17.28,17.75,78103,18.689000000000036,16.575099999999967
2023-02-08,17.75,17.75,17.28,17.28,32330,18.585500000000035,16.559399999999968
2023-02-09,17.47,17.56,16.99,17.56,83750,18.496000000000034,16.542899999999964
2023-02-10,17.28,17.37,16.71,17.18,108050,18.392000000000035,16.525299999999966
2023-02-13,16.99,16.99,15.86,16.33,124952,18.311500000000034,16.509199999999964
2023-02-14,16.33,16.43,15.96,16.43,75900,18.226500000000037,16.504899999999967
2023-02-15,16.43,16.81,16.05,16.81,57361,18.127500000000033,16.496299999999966
2023-02-16,16.81,16.9,16.43,16.81,90310,18.014500000000034,16.488599999999966
2023-02-17,16.9,16.9,16.62,16.9,36600,17.910500000000035,16.471799999999966
2023-02-20,16.99,17.94,16.9,17.84,113001,17.877500000000033,16.468999999999966
2023-02-21,17.94,18.03,17.28,17.65,113705,17.80650000000003,16.475999999999967
2023-02-22,17.28,17.37,16.24,16.24,147103,17.66500000000003,16.46619999999997
2023-02-23,16.24,16.52,15.96,16.24,159559,17.490500000000033,16.457299999999965
2023-02-24,16.52,16.52,16.05,16.52,46700,17.35800000000003,16.453899999999965
2023-02-27,16.05,16.14,15.67,16.05,111900,17.20200000000003,16.443999999999967
2023-02-28,16.05,16.14,15.77,16.14,107357,17.046000000000028,16.44489999999997
2023-03-01,16.14,16.62,15.77,16.62,76411,16.98500000000003,16.445899999999966
2023-03-02,16.43,16.62,16.24,16.24,23501,16.90000000000003,16.434599999999968
2023-03-03,16.33,16.33,15.96,15.96,94971,16.80100000000003,16.42429999999997
2023-03-06,15.96,16.33,15.96,16.33,43211,16.74400000000003,16.42519999999997
2023-03-07,16.33,16.43,15.96,15.96,47910,16.65450000000003,16.411999999999967
2023-03-08,15.86,16.33,15.86,16.33,120700,16.60700000000003,16.407199999999968
2023-03-09,16.24,16.52,16.14,16.24,95348,16.541000000000032,16.40149999999997
2023-03-10,16.14,16.24,15.96,16.05,89001,16.484500000000033,16.39299999999997
2023-03-13,15.86,16.05,15.77,15.86,60400,16.461000000000034,16.376899999999967
2023-03-14,15.86,15.96,15.58,15.58,183310,16.41850000000003,16.357999999999965
2023-03-15,16.05,16.81,15.86,16.62,246187,16.40900000000003,16.349499999999964
2023-03-16,16.62,16.62,15.96,15.96,196501,16.36650000000003,16.337299999999964
2023-03-17,15.86,16.33,15.86,15.86,76300,16.31450000000003,16.327799999999964
2023-03-20,15.96,16.14,15.48,15.48,153801,16.196500000000036,16.33059999999996
2023-03-21,15.48,16.43,15.48,15.86,133700,16.107000000000035,16.35229999999996
2023-03-22,16.24,16.52,15.86,16.05,63700,16.097500000000036,16.37119999999996
2023-03-23,15.86,16.14,15.77,16.05,124600,16.088000000000036,16.39199999999996
2023-03-24,16.05,16.33,16.05,16.05,151301,16.064500000000038,16.40329999999996
2023-03-27,16.05,16.71,16.05,16.52,190806,16.088000000000036,16.414599999999957
2023-03-28,16.71,16.9,16.52,16.52,202610,16.107000000000035,16.423999999999957
2023-03-29,16.62,16.71,16.43,16.71,122950,16.111500000000035,16.43249999999996
2023-03-30,16.81,17.65,16.81,17.65,346165,16.182000000000034,16.45129999999996
2023-03-31,17.65,18.41,17.56,18.03,291218,16.285500000000035,16.47869999999996
2023-04-03,18.41,19.26,18.32,18.6,277050,16.399000000000036,16.52209999999996
2023-04-04,18.6,19.07,18.22,18.98,250910,16.55000000000004,16.57589999999996
2023-04-05,19.07,19.26,18.5,18.79,181980,16.67300000000004,16.62689999999996
2023-04-06,18.88,18.88,17.94,18.03,325705,16.76250000000004,16.66939999999996
2023-04-07,18.03,18.79,17.56,18.79,262125,16.89950000000004,16.72129999999996
2023-04-10,19.07,19.73,18.88,18.88,350953,17.05050000000004,16.77599999999996
2023-04-11,18.88,19.07,18.03,19.07,186285,17.22500000000004,16.84589999999996
2023-04-12,19.17,19.26,18.22,18.6,189147,17.32400000000004,16.92239999999996
2023-04-13,18.6,18.69,18.13,18.22,112050,17.43700000000004,16.98469999999996
2023-04-14,18.6,18.6,17.47,17.47,240220,17.51750000000004,17.03099999999996
2023-04-17,17.94,17.94,17.47,17.65,95052,17.62600000000004,17.07629999999996
2023-04-18,17.75,18.32,17.56,18.13,150076,17.73950000000004,17.123499999999964
2023-04-19,18.41,18.41,17.84,18.03,128050,17.83850000000004,17.166899999999963
2023-04-20,18.03,18.03,17.56,17.75,112100,17.92350000000004,17.211299999999962
2023-04-21,17.94,18.79,17.84,18.32,216152,18.037000000000038,17.26039999999996
2023-04-24,18.6,19.07,18.32,18.69,291334,18.145500000000037,17.29999999999996
2023-04-25,18.88,18.88,18.03,18.32,206700,18.235500000000037,17.32459999999996
2023-04-26,18.32,18.41,17.94,17.94,137519,18.29700000000004,17.34159999999996
2023-04-27,18.03,18.22,17.84,17.84,146100,18.30650000000004,17.35949999999996
2023-04-28,17.94,18.22,17.84,18.03,98832,18.30650000000004,17.37929999999996
2023-05-04,18.22,18.6,18.03,18.32,122010,18.29250000000004,17.392599999999963
2023-05-05,18.41,18.6,18.32,18.5,194121,18.26850000000004,17.404799999999963
2023-05-08,18.6,20.3,18.6,20.3,567576,18.344000000000037,17.45109999999996
2023-05-09,20.86,21.24,20.58,20.86,476234,18.485500000000037,17.513399999999958
2023-05-10,20.96,21.34,20.86,21.34,531501,18.613000000000035,17.56819999999996
2023-05-11,21.34,21.62,20.96,21.43,405454,18.740500000000033,17.62669999999996
2023-05-12,21.34,21.53,21.05,21.53,405307,18.863500000000034,17.68999999999996
2023-05-15,21.53,21.71,20.49,20.49,364646,18.958000000000034,17.73629999999996
2023-05-16,20.49,21.24,20.39,20.96,401532,19.09500000000003,17.78449999999996
2023-05-17,20.58,21.15,20.58,20.77,283746,19.26000000000003,17.830799999999957
2023-05-18,20.77,22.56,20.58,22.0,1165242,19.47750000000003,17.87609999999996
2023-05-19,22.0,22.66,21.62,22.47,441818,19.694500000000033,17.92139999999996
2023-05-22,22.0,22.66,21.81,21.9,391491,19.888000000000034,17.96949999999996
2023-05-23,21.9,22.38,21.81,21.9,431128,20.095500000000033,18.01569999999996
2023-05-24,22.0,22.47,21.71,22.09,669376,20.28400000000003,18.06099999999996
2023-05-25,22.19,22.19,21.62,21.81,414260,20.440000000000033,18.10259999999996
2023-05-26,21.81,21.81,21.34,21.43,364304,20.595500000000033,18.15729999999996
2023-05-29,22.09,22.09,21.43,22.09,447404,20.803000000000033,18.21299999999996
2023-05-30,22.09,22.75,21.81,22.28,933520,21.025000000000034,18.261099999999956
2023-05-31,22.66,22.66,22.09,22.19,376010,21.233000000000036,18.303599999999957
2023-06-01,22.19,22.47,21.71,22.47,471213,21.440500000000036,18.333799999999957
2023-06-02,22.47,24.26,22.47,23.51,880674,21.691000000000038,18.370599999999957
2023-06-05,23.79,23.79,22.75,22.75,474691,21.813500000000037,18.40459999999996
2023-06-06,22.66,23.32,21.71,23.13,802092,21.927000000000035,18.44239999999996
2023-06-07,23.32,23.6,22.66,22.94,536363,22.007000000000037,18.479199999999963
2023-06-08,22.94,23.04,21.81,21.81,859362,22.026000000000035,18.517899999999962
2023-06-09,21.81,22.19,21.34,22.0,630703,22.049500000000034,18.55659999999996
2023-06-12,22.09,22.28,21.34,22.09,532642,22.129500000000032,18.589599999999958
2023-06-13,22.09,22.28,21.81,22.09,381479,22.186000000000032,18.61979999999996
2023-06-14,22.09,22.38,21.71,21.71,446640,22.233000000000033,18.64709999999996
2023-06-15,21.53,22.0,21.53,21.9,261973,22.22800000000003,18.68109999999996
2023-06-16,22.19,23.32,22.0,22.09,1216349,22.209000000000028,18.71129999999996
2023-06-19,22.09,22.47,21.81,22.0,299859,22.21400000000003,18.74059999999996
2023-06-20,22.19,22.66,22.0,22.38,332235,22.23800000000003,18.76709999999996
2023-06-21,22.56,23.6,22.56,23.41,952474,22.304000000000034,18.80949999999996
2023-06-22,23.41,23.89,23.04,23.13,648976,22.370000000000033,18.84909999999996
2023-06-23,23.13,24.36,23.04,23.89,1440320,22.49300000000003,18.895399999999963
2023-06-26,23.98,24.26,22.66,23.7,704944,22.57350000000003,18.953999999999965
2023-06-27,23.79,23.98,23.32,23.51,477622,22.63500000000003,19.009699999999963
2023-06-28,23.6,23.89,23.32,23.41,534909,22.696000000000033,19.064399999999964
2023-06-29,23.51,23.51,22.28,22.28,1131557,22.68650000000003,19.112499999999965
2023-06-30,22.09,22.56,22.0,22.19,436641,22.62050000000003,19.156899999999965
2023-07-03,22.09,22.75,22.09,22.47,270176,22.60650000000003,19.208799999999965
2023-07-04,22.47,23.13,22.28,23.13,625273,22.60650000000003,19.264499999999966
2023-07-05,23.13,23.98,23.13,23.13,718184,22.616000000000028,19.323999999999966
2023-07-06,23.13,23.6,22.47,22.85,709718,22.668000000000028,19.389199999999967
2023-07-07,22.85,23.6,22.66,23.6,337020,22.74800000000003,19.460899999999967
2023-07-10,23.79,24.74,23.7,24.74,1568334,22.880500000000033,19.540199999999967
2023-07-11,24.83,24.92,24.45,24.74,549516,23.013000000000034,19.619499999999967
2023-07-12,24.74,25.11,24.26,24.26,643085,23.140500000000035,19.693099999999966
2023-07-13,24.45,24.64,24.17,24.36,433021,23.263500000000036,19.758299999999966
2023-07-14,24.45,24.64,24.17,24.55,497600,23.386500000000037,19.827299999999966
2023-07-17,24.55,25.11,24.36,24.45,405356,23.509000000000036,19.909399999999962
2023-07-18,24.45,24.45,24.17,24.36,266901,23.60800000000004,19.99059999999996
2023-07-19,24.36,25.87,24.26,24.64,1203656,23.669500000000035,20.071799999999964
2023-07-20,24.74,25.49,24.74,25.21,706126,23.773500000000034,20.163399999999964
2023-07-21,25.21,25.49,24.92,25.3,571095,23.844000000000037,20.254999999999963
2023-07-24,25.4,25.77,24.83,25.02,914422,23.910000000000036,20.338999999999963
2023-07-25,25.02,25.4,24.64,24.74,576473,23.971500000000038,20.423999999999964
2023-07-26,24.83,24.92,24.45,24.64,619837,24.033000000000037,20.510799999999964
2023-07-27,24.74,24.92,24.26,24.64,652607,24.15100000000003,20.593899999999962
2023-07-28,24.74,25.3,24.64,25.21,776309,24.30200000000003,20.686399999999963
2023-07-31,26.91,27.66,25.21,25.49,643504,24.45300000000003,20.77799999999996
2023-08-01,25.59,25.68,24.83,24.83,820601,24.538000000000032,20.863899999999962
2023-08-02,24.83,24.92,24.36,24.83,734693,24.62300000000003,20.95169999999996
2023-08-03,25.02,25.02,24.45,24.55,422861,24.70800000000003,21.03859999999996
2023-08-04,24.55,25.11,24.36,24.92,474635,24.77400000000003,21.131999999999962
2023-08-07,25.11,25.49,24.92,25.49,874953,24.81150000000003,21.22069999999996
2023-08-08,25.68,25.96,25.11,25.21,385440,24.83500000000003,21.31319999999996
2023-08-09,25.21,25.3,24.74,24.92,398453,24.86800000000003,21.40379999999996
2023-08-10,24.92,25.02,24.45,24.45,574211,24.872500000000027,21.49349999999996
2023-08-11,24.26,24.45,23.79,24.26,407119,24.858000000000025,21.577499999999958
2023-08-14,24.55,25.49,24.36,25.11,738588,24.891000000000027,21.66809999999996
2023-08-15,25.3,25.59,24.92,25.3,667016,24.938000000000027,21.760599999999958
2023-08-16,25.3,25.3,24.74,24.92,280160,24.95200000000003,21.849299999999957
2023-08-17,24.92,25.87,24.92,25.59,1346232,24.97100000000003,21.93999999999996
2023-08-18,25.49,25.49,23.13,23.13,828051,24.86250000000003,22.00609999999996
2023-08-21,23.13,23.98,23.13,23.79,593048,24.80100000000003,22.07689999999996
2023-08-22,23.79,24.64,23.32,24.64,838445,24.796000000000028,22.146799999999956
2023-08-23,24.74,25.02,24.36,24.36,226381,24.782000000000032,22.210099999999958
2023-08-24,22.0,25.11,22.0,25.02,602467,24.80100000000003,22.274299999999958
2023-08-25,25.21,25.49,24.55,25.02,403380,24.79150000000003,22.334699999999955
2023-08-28,25.21,25.68,25.11,25.68,532921,24.80100000000003,22.403599999999955
2023-08-29,25.77,26.15,25.3,26.06,611729,24.862500000000033,22.483899999999952
2023-08-30,26.25,27.1,25.68,26.91,807204,24.966500000000032,22.56509999999995
2023-08-31,27.1,27.28,26.91,27.19,312204,25.098500000000033,22.648199999999953
2023-09-05,27.19,27.57,26.81,26.91,535125,25.198000000000032,22.726599999999948
2023-09-06,27.0,28.23,26.62,27.38,675229,25.292500000000032,22.81439999999995
2023-09-07,27.76,27.76,27.1,27.19,299995,25.391500000000033,22.904099999999953
2023-09-08,27.19,27.47,26.91,27.0,345241,25.495500000000032,22.999399999999955
2023-09-11,27.19,27.47,26.53,26.53,542232,25.599500000000035,23.088199999999958
2023-09-12,26.62,28.42,26.62,28.13,633034,25.793000000000035,23.188199999999956
2023-09-13,28.32,29.08,26.91,28.13,857114,25.944000000000035,23.289199999999955
2023-09-14,28.13,28.7,27.47,27.76,808485,26.067000000000036,23.389299999999956
2023-09-15,27.76,28.23,27.28,27.66,263854,26.204000000000036,23.482699999999955
2023-09-18,27.66,27.85,27.1,27.66,398803,26.30750000000004,23.572399999999952
2023-09-19,27.66,28.32,27.28,28.32,403068,26.567000000000043,23.672399999999953
2023-09-20,28.32,29.17,28.32,28.98,568819,26.82650000000004,23.782799999999952
2023-09-21,29.08,29.08,27.38,27.66,510865,26.97750000000004,23.88099999999995
2023-09-22,27.38,27.38,25.11,25.3,1016632,27.024500000000035,23.953699999999948
2023-09-25,25.3,25.87,23.41,23.41,702808,26.944000000000035,24.004599999999947
2023-09-26,23.51,25.21,23.13,23.6,569570,26.873000000000037,24.055599999999945
2023-09-27,23.6,24.83,23.41,24.83,453376,26.830500000000036,24.100899999999942
2023-09-28,25.11,25.11,24.36,24.55,392107,26.755000000000035,24.13779999999994
2023-09-29,24.64,25.21,24.55,24.55,333150,26.637000000000036,24.16989999999994
2023-10-02,24.83,25.4,24.74,25.02,350880,26.528500000000037,24.205799999999943
2023-10-03,25.02,25.87,24.36,24.74,963821,26.420000000000034,24.23789999999994
2023-10-04,24.45,26.06,24.45,25.4,493319,26.321000000000033,24.286999999999942
2023-10-05,25.4,25.77,24.74,25.11,287807,26.21700000000003,24.328499999999945
2023-10-06,25.31,25.6,24.62,25.51,368565,26.14250000000003,24.375899999999948
2023-10-09,25.51,25.7,25.11,25.6,268996,26.096000000000032,24.411899999999946
2023-10-10,25.7,26.09,25.51,25.51,396203,25.965000000000032,24.44229999999995
2023-10-11,25.51,26.0,25.02,26.0,307076,25.85850000000003,24.48329999999995
2023-10-12,26.09,26.59,26.0,26.0,437012,25.770500000000034,24.524299999999947
2023-10-13,25.8,26.0,25.21,25.8,313896,25.67750000000003,24.56139999999995
2023-10-16,26.29,26.29,25.11,25.11,210768,25.550000000000033,24.59439999999995
2023-10-17,25.31,25.7,24.92,24.92,190570,25.38000000000003,24.629299999999954
2023-10-18,24.92,25.21,22.76,23.74,464401,25.11800000000003,24.645799999999948
2023-10-19,23.64,24.03,23.25,23.64,250151,24.91700000000003,24.659399999999945
2023-10-20,23.35,24.62,22.37,24.52,308618,24.87800000000003,24.682699999999944
2023-10-23,24.13,24.43,23.94,24.03,108017,24.909000000000027,24.69829999999995
2023-10-24,24.23,24.33,23.84,24.13,46312,24.935500000000026,24.70449999999995
2023-10-25,24.03,24.43,23.94,23.94,98356,24.891000000000027,24.71639999999995
2023-10-26,23.94,23.94,22.07,22.27,446043,24.777000000000022,24.70779999999995
2023-10-27,21.58,22.56,21.58,22.46,156219,24.67250000000002,24.702999999999946
2023-10-30,22.46,22.56,22.07,22.07,198008,24.525000000000023,24.70559999999995
2023-10-31,22.07,22.37,21.19,21.19,180252,24.34750000000002,24.69749999999995
2023-11-01,21.19,22.56,20.9,22.46,222744,24.200500000000023,24.70119999999995
2023-11-02,22.66,23.94,22.66,23.84,180801,24.13700000000002,24.71869999999995
2023-11-03,23.94,23.94,23.15,23.15,124153,24.01900000000002,24.73309999999995
2023-11-06,23.74,23.74,23.25,23.45,71005,23.911500000000018,24.748599999999946
2023-11-07,23.45,23.54,23.05,23.05,138719,23.78850000000002,24.758199999999945
2023-11-08,23.15,24.82,22.86,24.62,260001,23.719500000000018,24.784399999999945
2023-11-09,24.62,25.51,24.62,24.92,256441,23.66550000000002,24.809799999999946
2023-11-10,24.72,25.02,24.52,24.52,284020,23.60150000000002,24.82089999999995
2023-11-13,24.52,24.82,24.33,24.43,144693,23.567500000000017,24.833899999999943
2023-11-14,24.62,25.02,24.13,24.52,173661,23.547500000000017,24.840199999999946
2023-11-15,24.92,25.51,24.52,24.52,226725,23.586500000000015,24.84839999999995
2023-11-16,24.62,24.72,24.33,24.72,83900,23.640500000000014,24.86049999999994
2023-11-17,24.82,24.92,24.13,24.52,198422,23.640500000000014,24.871599999999944
2023-11-20,24.03,25.02,23.94,24.62,190711,23.670000000000016,24.89499999999994
2023-11-21,24.92,25.21,24.52,25.02,162989,23.714500000000015,24.92329999999994
2023-11-22,25.02,25.51,24.62,25.51,218106,23.793000000000013,24.953699999999944
2023-11-23,25.6,25.6,24.23,24.23,208201,23.891000000000016,24.964699999999944
2023-11-24,24.52,24.82,24.13,24.62,186450,23.999000000000017,24.97959999999994
2023-11-27,24.82,24.92,24.03,24.13,113605,24.102000000000018,24.992399999999943
2023-11-28,23.94,24.33,22.17,24.33,120519,24.259000000000018,24.999699999999944
2023-11-29,24.43,24.62,24.43,24.52,31520,24.362000000000016,24.997499999999945
2023-11-30,24.62,24.82,24.13,24.23,94560,24.38150000000002,24.992399999999947
2023-12-01,24.33,24.72,24.23,24.52,83931,24.45000000000002,24.994999999999944
2023-12-04,24.52,25.6,24.52,25.51,661842,24.55300000000002,25.006499999999946
2023-12-05,25.7,25.8,25.31,25.41,240834,24.67100000000002,25.015099999999943
2023-12-06,25.31,25.8,25.31,25.6,298213,24.72000000000002,25.026599999999945
2023-12-07,25.7,26.19,24.72,25.02,586836,24.72500000000002,25.033199999999944
2023-12-08,25.21,25.21,24.82,24.82,200868,24.74000000000002,25.034999999999947
2023-12-11,24.82,25.21,24.62,24.92,207727,24.76450000000002,25.032099999999947
2023-12-12,24.92,25.21,24.82,24.92,209602,24.784500000000023,25.028299999999945
2023-12-13,25.21,25.21,24.52,24.62,145674,24.789500000000025,25.024299999999943
2023-12-14,24.62,24.92,24.52,24.52,98200,24.779500000000024,25.022099999999945
2023-12-15,24.62,25.02,24.52,24.62,156650,24.784500000000026,25.021899999999945
2023-12-18,24.62,24.82,24.52,24.72,60000,24.789500000000025,25.022699999999944
2023-12-19,24.72,24.92,24.52,24.92,90067,24.78450000000003,25.019799999999947
2023-12-20,25.11,25.21,24.82,25.02,61620,24.760000000000026,25.015099999999947
2023-12-21,25.02,25.02,24.33,24.92,114220,24.794500000000028,25.01599999999995
2023-12-22,24.92,25.02,24.62,24.62,157326,24.794500000000028,25.01389999999995
2023-12-25,24.62,24.92,24.52,24.92,140600,24.834000000000028,25.01759999999995
2023-12-26,25.11,25.11,24.82,24.92,87641,24.86350000000003,25.01759999999995
2023-12-27,25.02,25.11,24.92,24.92,100901,24.883500000000033,25.01189999999995
2023-12-28,24.92,25.11,24.92,24.92,174305,24.91800000000003,25.00899999999995
2023-12-29,25.11,25.21,24.92,24.92,100800,24.938000000000034,25.00899999999995
2024-01-02,25.02,25.11,24.13,24.52,628895,24.888500000000032,25.009699999999953
2024-01-03,24.52,24.82,24.52,24.72,134650,24.85400000000003,25.01429999999995
2024-01-04,24.72,25.21,24.72,24.72,319015,24.81000000000003,25.010399999999944
2024-01-05,24.82,25.02,24.82,24.92,81937,24.80500000000003,25.006599999999946
2024-01-08,24.92,25.7,24.92,25.6,390032,24.844000000000033,25.013399999999944
2024-01-09,25.7,25.7,25.31,25.41,188530,24.868500000000033,25.01159999999994
2024-01-10,25.41,25.41,24.92,25.02,143789,24.873500000000032,25.03049999999994
2024-01-11,25.21,25.6,24.92,25.51,194760,24.91800000000003,25.047699999999942
2024-01-12,25.51,25.51,24.92,25.11,154058,24.947500000000034,25.052399999999942
2024-01-15,25.11,25.31,24.62,24.62,138307,24.947500000000034,25.05499999999994
2024-01-16,24.62,25.02,24.43,25.02,153902,24.962500000000034,25.05499999999994
2024-01-17,24.92,26.09,24.92,25.41,391258,24.987000000000034,25.05889999999994
2024-01-18,25.6,25.6,25.21,25.41,83622,25.006500000000038,25.05619999999994
2024-01-19,25.41,25.7,25.11,25.21,161060,25.021000000000036,25.047699999999942
2024-01-22,25.21,25.51,25.02,25.31,136047,25.055500000000034,25.03169999999994
2024-01-23,25.31,25.31,25.02,25.31,95676,25.075000000000035,25.01289999999994
2024-01-24,25.41,25.8,25.31,25.41,441886,25.099500000000035,24.99789999999994
2024-01-25,25.51,25.6,25.41,25.51,151411,25.129000000000033,24.979199999999942
2024-01-26,25.51,25.6,25.41,25.51,117504,25.158500000000032,24.962399999999942
2024-01-29,25.6,25.8,25.51,25.51,191050,25.18800000000003,24.947499999999945
2024-01-30,25.51,25.7,25.31,25.7,126555,25.247000000000032,24.939199999999943
2024-01-31,25.8,26.59,25.51,25.51,396658,25.28650000000003,24.912999999999943
2024-02-01,25.51,25.9,25.51,25.8,140315,25.340500000000027,24.889699999999944
2024-02-02,25.9,26.19,25.9,25.9,134230,25.389500000000027,24.87109999999994
2024-02-05,25.9,26.0,25.11,25.6,256615,25.389500000000027,24.850499999999943
2024-02-06,26.29,26.29,25.51,25.51,349910,25.394500000000026,24.828999999999947
2024-02-07,25.7,26.09,25.6,26.09,128502,25.448000000000025,24.806699999999946
2024-02-15,26.09,26.39,25.6,25.8,534795,25.462500000000027,24.77489999999995
2024-02-16,25.8,26.0,25.7,25.8,208601,25.497000000000025,24.75629999999995
2024-02-19,26.49,26.49,25.51,25.9,348992,25.561000000000025,24.76229999999995
2024-02-20,25.9,26.49,25.9,26.19,500854,25.619500000000027,24.790099999999953
2024-02-21,26.19,26.39,25.8,26.19,254330,25.658500000000025,24.815999999999953
2024-02-22,26.19,26.19,25.9,25.9,218550,25.68300000000003,24.826699999999956
2024-02-23,25.9,26.19,25.02,25.21,455661,25.68300000000003,24.833299999999955
2024-02-26,25.21,26.0,25.11,25.9,310282,25.712500000000027,24.846799999999952
2024-02-27,26.09,26.09,25.7,25.9,281320,25.74200000000003,24.855599999999953
2024-02-28,26.0,26.19,25.7,25.9,171868,25.76650000000003,24.867199999999958
2024-02-29,25.9,26.98,25.9,26.98,1238411,25.840000000000032,24.882999999999956
2024-03-01,26.98,27.96,26.98,27.66,751688,25.94750000000003,24.908499999999954
2024-03-04,27.66,28.45,27.66,27.66,506510,26.055000000000028,24.92999999999995
2024-03-05,27.47,28.65,27.17,28.45,630872,26.19250000000003,24.958499999999948
2024-03-06,28.45,31.29,28.35,31.29,1944322,26.48150000000003,25.016299999999948
2024-03-07,31.39,32.96,31.39,32.37,1395458,26.810000000000024,25.079999999999945
2024-03-08,32.37,33.06,31.29,31.69,1001293,27.099500000000027,25.136899999999947
2024-03-11,31.69,32.37,31.2,31.59,723661,27.39900000000003,25.194799999999944
2024-03-12,31.59,32.57,31.39,31.88,878097,27.71750000000003,25.262499999999946
2024-03-13,32.08,33.84,31.49,33.35,1629973,28.08050000000003,25.346799999999945
2024-03-14,33.65,33.65,31.98,32.57,880040,28.419000000000032,25.43509999999995
2024-03-15,32.57,32.57,31.1,32.08,1053769,28.73300000000004,25.519499999999947
2024-03-18,32.08,32.18,29.23,30.12,1275108,28.944000000000038,25.57549999999995
2024-03-19,30.21,31.2,30.12,30.71,436422,29.170000000000037,25.642299999999945
2024-03-20,30.71,31.29,30.21,31.29,486483,29.425000000000033,25.713899999999946
2024-03-21,31.59,32.57,31.2,31.78,648261,29.719000000000033,25.792299999999944
2024-03-22,31.78,32.86,31.29,31.98,747181,30.057500000000033,25.889399999999945
2024-03-25,32.08,32.18,30.8,31.59,600220,30.342000000000034,25.980699999999946
2024-03-26,31.39,31.59,30.8,31.59,520138,30.62650000000004,26.075899999999947
2024-03-27,31.59,32.08,30.9,31.39,400350,30.90100000000004,26.177899999999944
2024-03-28,31.39,33.84,31.39,33.26,1587624,31.21500000000004,26.28589999999995
2024-03-29,33.35,33.65,32.67,32.86,461871,31.47500000000004,26.376099999999948
2024-04-01,32.86,32.96,31.98,32.47,789288,31.71550000000004,26.469299999999944
2024-04-02,32.47,32.86,31.98,32.77,743102,31.93150000000004,26.562499999999947
2024-04-03,32.77,36.0,32.77,36.0,1918628,32.167000000000044,26.691999999999943
2024-04-04,36.3,38.95,35.32,37.18,1140514,32.40750000000004,26.817599999999942
2024-04-05,37.18,38.65,33.94,36.3,909102,32.638000000000034,26.931399999999943
2024-04-08,36.2,36.59,33.55,34.24,1346653,32.770500000000034,27.02859999999994
2024-04-09,34.24,37.57,34.24,37.28,998094,33.04050000000003,27.157099999999947
2024-04-10,37.28,37.38,36.49,36.69,481668,33.207500000000024,27.278799999999947
2024-04-11,36.49,38.16,35.81,37.67,907591,33.46250000000002,27.410299999999946
2024-04-12,37.96,38.36,37.28,37.87,676548,33.752000000000024,27.54179999999995
2024-04-15,37.77,37.87,34.14,34.14,1497455,33.95300000000002,27.63799999999995
2024-04-16,33.84,34.24,32.57,34.14,1309457,34.12450000000002,27.733199999999947
2024-04-17,34.14,34.63,31.98,31.98,767620,34.15900000000002,27.802799999999948
2024-04-19,32.08,32.86,30.12,31.78,1227693,34.15900000000002,27.865499999999948
2024-04-22,32.37,34.92,32.37,34.92,1483254,34.30600000000002,27.972399999999947
2024-04-23,35.02,35.51,33.26,33.84,665209,34.418500000000016,28.06459999999995
2024-04-24,33.94,36.0,33.94,35.61,876148,34.619500000000016,28.17939999999995
2024-04-25,34.83,35.61,34.34,35.22,529005,34.81100000000002,28.28829999999995
2024-04-26,34.43,35.71,34.14,34.73,453669,34.88450000000002,28.39039999999995
2024-05-02,34.73,34.73,32.37,33.35,683710,34.90900000000002,28.481599999999947
2024-05-03,33.84,34.43,33.35,33.35,602097,34.95300000000002,28.569899999999947
2024-05-06,33.84,36.69,33.84,36.0,990118,35.11450000000002,28.674799999999944
2024-05-07,35.9,36.69,35.41,36.69,828907,35.14900000000002,28.787599999999948
2024-05-08,36.79,37.67,36.0,37.38,1011082,35.15900000000003,28.90539999999995
2024-05-09,37.28,37.47,36.1,36.4,807656,35.16400000000003,29.01919999999995
2024-05-10,36.49,39.24,35.61,39.24,1072266,35.41400000000003,29.163399999999946
2024-05-13,39.34,39.44,37.96,38.26,1166798,35.46300000000003,29.296799999999948
2024-05-14,38.26,38.65,37.28,37.47,1096812,35.50200000000003,29.422299999999947
2024-05-15,37.47,40.02,37.47,39.34,1186927,35.58550000000004,29.569499999999948
2024-05-16,39.34,40.32,38.65,38.75,902960,35.629500000000036,29.711799999999947
2024-05-17,38.75,39.73,38.65,39.24,903051,35.88450000000004,29.857999999999947
2024-05-20,39.63,39.63,38.75,38.95,1130182,36.12500000000004,30.000299999999946
2024-05-21,38.85,41.4,38.65,41.3,1572736,36.59100000000004,30.164099999999948
2024-05-22,41.5,42.67,41.2,41.89,1745921,37.096500000000034,30.33279999999995
2024-05-23,41.69,45.71,40.91,45.52,1330663,37.626500000000036,30.538799999999945
2024-05-24,45.52,46.5,41.4,43.36,1230537,38.102500000000035,30.72619999999995
2024-05-27,43.36,44.14,42.77,43.36,764172,38.49000000000004,30.91059999999995
2024-05-28,43.95,46.01,43.26,45.42,1154590,39.000000000000036,31.11559999999995
2024-05-29,45.32,45.52,43.75,44.54,896392,39.49050000000003,31.31179999999995
2024-05-30,44.05,45.32,41.69,45.13,1415819,40.07950000000003,31.51389999999995
2024-05-31,45.22,45.91,44.14,45.13,639292,40.66850000000003,31.715999999999948
2024-06-03,45.13,46.6,45.13,45.42,755998,41.13950000000003,31.92499999999995
2024-06-04,45.42,45.91,44.93,44.93,816579,41.551500000000026,32.12709999999995
2024-06-05,44.93,47.28,44.73,45.62,1068986,41.963500000000025,32.33609999999995
2024-06-06,45.81,46.5,45.42,46.11,565917,42.44900000000003,32.54799999999995
2024-06-07,46.11,46.4,45.13,45.91,483026,42.78250000000003,32.75109999999995
2024-06-10,45.91,47.09,45.62,46.6,760466,43.19950000000003,32.96299999999995
2024-06-11,46.7,46.99,45.91,46.79,536818,43.66550000000002,33.18069999999995
2024-06-12,48.07,48.56,46.6,46.99,866363,44.04800000000002,33.39549999999995
2024-06-13,47.09,47.38,46.21,46.21,646778,44.42100000000003,33.60649999999995
2024-06-14,46.5,46.89,44.05,44.05,1234082,44.661500000000025,33.80079999999995
2024-06-17,44.05,44.14,41.99,43.36,751691,44.88200000000002,33.98419999999995
2024-06-18,43.26,44.44,43.26,43.36,446050,44.98500000000003,34.163699999999956
2024-06-19,43.36,44.44,42.77,44.05,601251,45.093000000000025,34.350099999999955
2024-06-20,44.05,44.34,43.07,43.65,567466,44.999500000000026,34.53449999999996
2024-06-21,43.65,44.64,43.36,44.44,642496,45.05350000000002,34.72579999999996
2024-06-24,44.44,44.54,40.22,40.32,1932782,44.90150000000002,34.87589999999996
2024-06-25,40.32,41.4,40.22,41.2,541042,44.69050000000003,35.03379999999996
2024-06-26,41.2,41.59,39.93,40.61,669431,44.49400000000003,35.18479999999996
2024-06-27,40.61,40.81,39.83,40.71,440912,44.27300000000003,35.336799999999954
2024-06-28,40.61,41.01,39.14,39.24,834703,43.97850000000003,35.47409999999995
2024-07-01,39.24,40.52,39.24,40.42,436923,43.72850000000003,35.621299999999955
2024-07-02,41.2,41.5,40.42,41.2,451401,43.54200000000004,35.77819999999995
2024-07-03,41.4,41.69,40.61,40.91,491946,43.306500000000035,35.92929999999995
2024-07-04,41.2,41.59,40.61,41.2,383163,43.061000000000035,36.08229999999995
2024-07-05,41.5,41.69,40.12,41.1,563020,42.82050000000004,36.23729999999995
2024-07-08,41.5,41.5,40.71,41.2,506690,42.55050000000004,36.39419999999994
2024-07-09,41.3,44.14,41.01,44.05,2144581,42.41350000000004,36.57379999999994
2024-07-10,44.64,45.03,43.36,43.36,790959,42.23200000000004,36.749399999999945
2024-07-11,43.85,44.64,43.16,43.95,988090,42.11900000000004,36.93089999999994
2024-07-12,44.05,44.54,43.65,44.14,787001,42.12350000000004,37.11329999999994
2024-07-15,44.54,45.13,43.95,44.34,698592,42.17250000000004,37.29479999999994
2024-07-16,44.44,45.22,43.16,43.65,1023287,42.18700000000004,37.469399999999936
2024-07-17,43.65,45.13,41.69,42.48,1361342,42.10850000000004,37.635199999999934
2024-07-18,42.48,43.46,41.59,43.46,575328,42.099000000000046,37.81769999999994
2024-07-19,43.16,43.95,41.1,41.2,1220120,41.93700000000005,37.97069999999994
2024-07-22,41.2,41.2,37.08,37.28,2306798,41.78500000000004,38.084499999999935
2024-07-23,37.28,37.67,34.63,34.73,930313,41.46150000000004,38.17279999999993
2024-07-24,34.73,36.79,34.34,36.3,954899,41.24600000000004,38.265999999999934
2024-07-25,34.83,36.49,34.83,36.1,382831,41.01550000000004,38.35039999999994
2024-07-26,38.16,39.34,35.41,36.0,351345,40.85350000000004,38.433799999999934
2024-07-29,36.1,36.69,35.9,36.3,514758,40.647500000000036,38.51229999999994
2024-07-30,36.2,36.4,34.92,35.32,502152,40.35350000000004,38.55259999999994
2024-07-31,35.41,36.1,33.94,34.04,789351,40.01000000000003,38.56929999999994
2024-08-01,34.14,34.63,31.0,31.39,1576857,39.519500000000036,38.56629999999994
2024-08-02,28.25,34.43,28.25,33.84,1277635,39.15650000000004,38.58879999999994
2024-08-05,33.84,34.73,32.18,32.86,1130938,38.739500000000035,38.59859999999994
2024-08-06,33.35,35.41,33.26,35.12,1106540,38.293000000000035,38.61629999999994
2024-08-07,35.32,35.32,34.14,34.63,633243,37.85650000000003,38.63689999999994
2024-08-08,34.24,34.73,33.16,33.84,983336,37.351000000000035,38.65449999999994
2024-08-09,34.14,36.1,34.14,35.51,1264133,36.919500000000035,38.70839999999995
2024-08-12,36.1,36.2,35.12,36.1,650258,36.507500000000036,38.76229999999995
2024-08-13,36.1,36.2,35.02,35.41,678330,36.09550000000003,38.80349999999994
2024-08-14,34.53,36.49,34.53,35.02,716135,35.72250000000003,38.835899999999945
2024-08-15,35.12,35.61,34.73,35.02,637893,35.30050000000003,38.86629999999994
2024-08-16,35.51,38.46,35.41,38.46,1910189,35.16350000000003,38.93499999999994
2024-08-19,38.55,39.04,37.87,38.26,708297,35.21250000000003,39.00169999999994
2024-08-20,38.55,39.93,37.47,38.65,1630840,35.408500000000025,39.074299999999944
2024-08-21,38.55,39.24,38.36,38.85,750629,35.53600000000003,39.13019999999994
2024-08-22,39.14,39.63,38.55,38.85,659636,35.67350000000003,39.19009999999994
2024-08-23,39.14,40.02,38.65,39.14,1068842,35.83050000000003,39.25679999999994
2024-08-26,39.73,40.71,38.46,38.75,995893,35.95300000000003,39.31659999999994
2024-08-27,38.65,39.14,38.26,38.55,580491,36.11450000000003,39.34209999999994
2024-08-28,39.04,39.24,37.47,38.65,836690,36.34500000000003,39.35679999999994
2024-08-29,38.65,38.85,38.26,38.55,369881,36.703000000000024,39.379299999999944
2024-08-30,38.46,39.53,38.36,38.65,605978,36.94350000000002,39.423399999999944
2024-09-04,38.06,38.85,38.06,38.85,567105,37.24300000000002,39.43909999999995
2024-09-05,38.65,39.93,38.26,38.65,1089897,37.41950000000002,39.45869999999994
2024-09-06,38.65,38.85,37.96,38.65,556061,37.62050000000002,39.46849999999994
2024-09-09,38.46,38.55,38.16,38.46,295330,37.85150000000002,39.474399999999946
2024-09-10,38.75,38.85,37.87,37.96,696389,37.974000000000025,39.51259999999995
2024-09-11,37.87,38.85,36.79,38.36,686768,38.087000000000025,39.55479999999995
2024-09-12,38.55,38.95,38.36,38.46,341585,38.23950000000003,39.61959999999995
2024-09-13,38.55,39.73,38.36,39.14,943293,38.445500000000024,39.69319999999995
2024-09-16,39.14,39.83,38.85,39.24,642693,38.65650000000003,39.736399999999946
2024-09-17,39.24,41.59,39.24,41.59,1487290,38.81300000000003,39.81389999999995
2024-09-18,41.69,42.38,41.2,41.2,1077670,38.96000000000003,39.86979999999994
2024-09-19,41.2,41.99,40.91,41.89,855588,39.12200000000003,39.93649999999994
2024-09-20,37.77,42.87,37.77,41.4,914217,39.249500000000026,40.00319999999994
2024-09-23,41.4,42.08,40.81,41.4,663889,39.377000000000024,40.08369999999994
2024-09-24,41.5,42.08,41.01,42.08,570950,39.52400000000003,40.17099999999994
2024-09-25,41.99,43.65,41.99,42.38,1216454,39.70550000000003,40.23479999999994
2024-09-26,42.38,42.67,41.4,41.59,975758,39.85750000000003,40.28379999999995
2024-09-27,41.99,42.08,41.1,41.69,808423,40.00950000000004,40.326899999999945
2024-09-30,41.69,42.97,41.3,42.48,1123797,40.20600000000004,40.387699999999946
2024-10-01,42.48,43.56,42.48,42.58,1029323,40.402500000000046,40.421099999999946
2024-10-02,42.58,44.14,42.18,43.65,1115932,40.64250000000004,40.474999999999945
2024-10-03,43.65,43.95,42.08,42.67,1209490,40.84350000000004,40.52699999999995
2024-10-04,42.48,42.87,42.18,42.18,558462,41.02000000000004,40.55539999999994
2024-10-07,42.18,42.67,41.99,42.48,472726,41.22100000000004,40.592699999999944
2024-10-08,42.48,42.87,41.4,41.4,1012756,41.393000000000036,40.61429999999995
2024-10-09,41.7,41.7,40.2,41.1,1112982,41.53000000000004,40.635799999999946
2024-10-10,41.3,41.6,40.5,40.5,505387,41.63200000000003,40.62779999999995
2024-10-11,40.5,41.4,40.3,41.4,527999,41.74500000000003,40.62289999999995
2024-10-14,41.5,41.8,41.1,41.3,352909,41.84800000000003,40.58069999999995
2024-10-15,41.4,41.4,40.5,40.9,507585,41.813500000000026,40.55609999999995
2024-10-16,40.5,41.7,40.5,41.7,431801,41.838500000000025,40.53949999999995
2024-10-17,41.8,42.0,40.7,42.0,557698,41.84400000000003,40.50529999999995
2024-10-18,42.1,42.3,41.6,41.6,483235,41.85400000000003,40.475899999999946
2024-10-21,41.6,41.6,40.5,40.5,433658,41.80900000000003,40.429599999999944
2024-10-22,40.5,40.6,38.5,39.3,816600,41.67000000000003,40.37129999999995
2024-10-23,39.3,40.0,39.0,39.8,537300,41.541000000000025,40.315099999999944
2024-10-24,39.8,39.9,39.0,39.2,324500,41.42150000000002,40.257799999999946
2024-10-25,39.3,39.9,38.8,39.8,335900,41.32700000000002,40.19959999999995
2024-10-28,39.8,40.8,39.7,40.7,499000,41.23800000000002,40.14549999999995
2024-10-29,40.7,41.0,40.3,40.8,351200,41.149000000000015,40.09439999999995
2024-10-30,40.6,40.8,40.0,40.8,334500,41.00650000000002,40.03639999999995
2024-10-31,40.5,40.9,40.3,40.7,388700,40.90800000000002,39.975499999999954
2024-11-01,40.7,40.7,39.4,40.1,522700,40.80400000000002,39.906599999999955
2024-11-04,40.1,40.8,39.1,40.2,519900,40.690000000000026,39.84649999999995
2024-11-05,40.2,40.3,39.9,40.0,167800,40.620000000000026,39.80599999999995
2024-11-06,40.1,41.2,40.0,41.2,813100,40.62500000000003,39.78439999999995
2024-11-07,41.3,41.8,40.8,41.2,654700,40.66000000000003,39.76279999999994
2024-11-08,41.3,42.1,41.1,41.5,1124000,40.665000000000035,39.73729999999994
2024-11-11,41.5,41.6,40.6,41.4,701700,40.67000000000003,39.71479999999994
2024-11-12,41.7,42.1,40.8,41.0,617500,40.67500000000003,39.68039999999994
2024-11-13,41.0,41.0,40.0,40.6,724700,40.62000000000003,39.683199999999935
2024-11-14,40.7,40.8,38.3,38.8,762800,40.46000000000003,39.65919999999994
2024-11-15,38.8,38.8,36.8,37.2,1151200,40.24000000000003,39.62509999999994
2024-11-18,37.0,38.7,36.9,38.4,820800,40.13500000000003,39.60199999999994
2024-11-19,38.4,38.4,36.8,36.9,354400,40.01500000000003,39.578599999999945
2024-11-20,36.9,38.3,36.1,37.7,963400,39.91000000000004,39.55139999999994
2024-11-21,37.3,38.3,37.3,38.0,436700,39.85000000000004,39.51939999999994
2024-11-22,37.6,38.0,37.3,37.7,443200,39.74500000000004,39.48729999999994
2024-11-25,37.1,38.0,37.1,37.7,360900,39.59500000000004,39.452299999999944
2024-11-26,37.7,38.7,37.7,38.1,619900,39.46000000000004,39.42229999999994
2024-11-27,38.3,38.3,37.3,37.3,521200,39.28500000000004,39.38329999999994
2024-11-28,37.6,37.9,37.3,37.3,257100,39.11500000000004,39.315799999999946
2024-11-29,37.3,38.0,37.2,37.6,403600,38.99000000000004,39.258199999999945
2024-12-02,37.7,37.9,37.3,37.7,290100,38.86500000000004,39.195699999999945
2024-12-03,36.0,37.7,36.0,37.0,547200,38.71500000000004,39.12429999999994
2024-12-04,37.0,37.0,35.8,36.1,811600,38.460000000000036,39.04189999999994
2024-12-05,36.0,39.5,35.2,39.5,1580900,38.375000000000036,39.00039999999994
2024-12-06,39.6,39.6,38.6,39.0,607300,38.250000000000036,38.96559999999994
2024-12-09,39.0,39.4,38.6,39.2,659000,38.140000000000036,38.92299999999994
2024-12-10,39.2,39.4,38.6,39.1,515800,38.04500000000004,38.90199999999994
2024-12-11,38.7,39.3,38.6,39.2,458600,37.97500000000004,38.921199999999935
2024-12-12,39.1,39.6,38.8,38.9,463700,37.98000000000004,38.962899999999934
2024-12-13,39.0,39.0,38.4,38.5,437200,38.04500000000004,38.98489999999993
2024-12-16,38.6,38.8,38.2,38.4,246800,38.04500000000004,39.007899999999935
2024-12-17,38.9,38.9,37.8,37.8,429300,38.09000000000004,39.025899999999936
2024-12-18,37.8,38.0,37.6,38.0,345000,38.10500000000003,39.04289999999994
2024-12-19,38.0,38.0,37.0,37.5,635500,38.080000000000034,39.06469999999993
2024-12-20,37.5,37.7,37.0,37.2,382800,38.055000000000035,39.096299999999935
2024-12-23,37.6,37.7,37.2,37.2,256600,38.03000000000004,39.15439999999993
2024-12-24,37.2,38.2,37.2,37.4,480500,37.99500000000003,39.189999999999934
2024-12-25,37.5,38.8,37.5,37.9,770600,38.025000000000034,39.24039999999993
2024-12-26,37.6,38.3,37.6,37.8,215200,38.05000000000003,39.26719999999993
2024-12-27,37.8,38.0,37.5,37.6,339300,38.05000000000003,39.29689999999993
2024-12-30,37.6,38.1,37.6,37.6,221000,38.04500000000003,39.33449999999993
2024-12-31,37.5,37.7,36.9,37.0,312100,38.04500000000003,39.349399999999925
2025-01-02,37.0,37.4,36.7,36.8,275600,38.08000000000003,39.35639999999993
2025-01-03,37.0,37.0,35.6,35.7,480700,37.89000000000003,39.359299999999934
2025-01-06,35.0,36.0,34.4,34.7,368000,37.67500000000003,39.35609999999993
2025-01-07,33.0,35.5,33.0,34.6,337700,37.445000000000036,39.35189999999993
2025-01-08,34.5,35.3,34.1,35.0,407800,37.24000000000003,39.317299999999925
2025-01-09,35.0,35.3,34.5,34.5,79900,37.00500000000003,39.27969999999993
2025-01-10,34.1,34.8,33.3,33.5,261900,36.73500000000003,39.22819999999992
2025-01-13,33.5,34.8,32.9,34.7,529100,36.54500000000003,39.186699999999924
2025-01-14,31.3,34.9,31.3,34.0,118600,36.32500000000003,39.13819999999993
2025-01-15,34.2,34.7,34.2,34.4,193500,36.15500000000004,39.09079999999992
2025-01-16,34.6,36.0,34.6,35.0,390200,36.00500000000004,39.05329999999993
2025-01-17,35.0,35.5,34.6,34.8,187800,35.87000000000003,39.01579999999993
2025-01-20,34.9,35.0,34.2,34.4,223900,35.73000000000003,38.973299999999924
2025-01-21,31.6,34.7,31.6,34.0,164400,35.57000000000003,38.92779999999993
2025-01-22,34.0,34.3,33.9,33.9,237500,35.395000000000024,38.88029999999993
2025-01-23,33.9,35.5,33.9,35.0,402500,35.25000000000003,38.84179999999993
2025-01-24,35.0,35.0,34.1,34.3,213100,35.07500000000003,38.79829999999993
2025-02-03,34.4,34.9,34.2,34.3,202400,34.910000000000025,38.754799999999925
2025-02-04,30.9,35.3,30.9,35.0,353400,34.78000000000002,38.72019999999993
2025-02-05,35.3,35.3,34.6,34.6,214800,34.660000000000025,38.68659999999993
2025-02-06,35.0,35.5,34.7,34.9,369800,34.565000000000026,38.65199999999992
2025-02-07,32.2,35.2,32.2,34.8,157800,34.520000000000024,38.61539999999993
2025-02-10,34.8,35.2,34.2,34.6,341400,34.51500000000002,38.56999999999993
2025-02-11,34.3,34.9,34.3,34.5,223200,34.51000000000002,38.522599999999926
2025-02-12,34.6,35.0,34.4,34.5,235400,34.48500000000002,38.45169999999993
2025-02-13,34.5,34.7,34.3,34.7,162600,34.49500000000002,38.38669999999993
2025-02-14,34.9,35.8,34.7,35.0,513300,34.57000000000002,38.31779999999993
2025-02-17,35.4,36.7,35.1,36.2,975300,34.645000000000024,38.26579999999993
2025-02-18,36.2,36.5,35.9,36.2,263600,34.755000000000024,38.21379999999992
2025-02-19,36.2,36.7,36.1,36.5,539600,34.86000000000003,38.15799999999992
2025-02-20,38.2,38.2,36.2,36.3,502500,34.925000000000026,38.09719999999992
2025-02-21,36.2,36.5,35.7,35.8,490100,34.97500000000002,38.039299999999926
2025-02-24,36.1,37.3,35.7,37.2,938300,35.11500000000002,37.99439999999992
2025-02-25,37.3,38.0,37.1,37.2,1113300,35.27500000000003,37.94159999999992
2025-02-26,37.4,39.0,37.4,38.5,1815800,35.50500000000003,37.90079999999992
2025-02-27,38.7,39.4,38.3,39.3,1358400,35.72000000000003,37.857299999999924
2025-02-28,39.4,39.5,38.6,39.2,958500,35.96500000000003,37.82259999999992
2025-03-03,39.2,40.3,38.7,39.8,1666300,36.24000000000003,37.79879999999992
2025-03-04,36.2,40.0,36.2,39.2,1201200,36.45000000000003,37.76599999999992
2025-03-05,39.1,39.8,38.6,38.7,947100,36.65500000000004,37.73899999999992
2025-03-06,38.8,40.9,38.7,40.9,1612100,36.955000000000034,37.736999999999924
2025-03-07,42.0,42.0,40.5,40.6,1117000,37.24500000000004,37.73799999999992
2025-03-10,40.6,41.2,39.8,40.2,1308600,37.52500000000004,37.725999999999914
2025-03-11,39.9,40.9,39.4,40.8,1438100,37.84000000000004,37.72099999999992
2025-03-12,41.0,41.4,40.4,40.7,1126500,38.15000000000004,37.718999999999916
2025-03-13,40.6,41.0,39.7,39.8,1195300,38.40500000000004,37.69999999999992
2025-03-14,39.8,40.1,39.1,39.9,853200,38.650000000000034,37.67899999999992
2025-03-17,40.0,40.4,39.4,40.0,533800,38.84000000000003,37.66299999999992
2025-03-18,40.0,40.6,39.3,39.3,749200,38.995000000000026,37.650999999999925
2025-03-19,39.2,40.2,39.2,39.9,808900,39.16500000000003,37.65699999999992
2025-03-20,40.0,41.0,39.9,40.1,1069000,39.35500000000003,37.65999999999992
2025-03-21,40.1,40.8,40.1,40.5,789600,39.59000000000003,37.67299999999992
2025-03-24,41.4,41.4,39.7,40.9,826900,39.77500000000003,37.68399999999992
2025-03-25,41.6,41.6,39.8,40.3,1279900,39.93000000000002,37.67999999999992
2025-03-26,40.3,40.3,38.9,39.2,1178500,39.965000000000025,37.663999999999916
2025-03-27,39.2,39.4,38.6,38.7,824600,39.93500000000003,37.642999999999915
2025-03-28,38.7,39.4,38.2,38.6,820200,39.90500000000003,37.621999999999915
